fecha_hora,temp_rtc,temp_dht_raw,temp_dht_cal,hum_dht_raw,hum_dht_cal,vel_viento_kmh,direccion_viento,valor_adc_veleta,lluvia_mm,lluvia_actual_mm,luminosidad_lux,radiacion_solar_wm2,cobertura_nubes_octas,condicion_climatica
2025-04-13 00:01:00,10.5,11.4,12.34,89.8,100.0,0.0,Desconocido,2866.0,0.0,0.0,0.0,0.0,2.4,Nublado
2025-04-13 00:06:00,10.5,11.5,12.42,90.5,100.0,0.0,Desconocido,2802.0,0.0,0.0,0.0,0.0,2.4,Nublado
2025-04-13 00:11:00,10.5,11.4,12.34,90.2,100.0,0.0,Desconocido,2803.0,0.0,0.0,0.0,0.0,2.4,Nublado
2025-04-13 00:16:00,10.25,11.1,12.12,89.6,100.0,0.0,Desconocido,2805.0,0.0,0.0,0.0,0.0,2.4,Nublado
2025-04-13 00:21:00,10.0,10.8,11.89,89.5,100.0,0.0,Desconocido,2805.0,0.0,0.0,0.0,0.0,2.4,Nublado
2025-04-13 00:26:00,10.0,10.7,11.81,89.4,100.0,0.0,Desconocido,2800.0,0.0,0.0,0.0,0.0,2.4,Nublado
2025-04-13 00:31:00,10.0,10.8,11.89,88.4,100.0,0.0,Desconocido,2759.0,0.0,0.0,0.0,0.0,2.4,Nublado
2025-04-13 00:36:00,9.75,10.7,11.81,87.7,100.0,0.0,Desconocido,2826.0,0.0,0.0,0.0,0.0,2.4,Nublado
2025-04-13 00:41:00,9.75,10.7,11.81,87.2,100.0,0.0,Desconocido,2821.0,0.0,0.0,0.0,0.0,2.4,Nublado
2025-04-13 00:46:00,9.75,11.6,12.5,83.7,100.0,4.19,Desconocido,2769.0,0.0,0.0,0.0,0.0,2.4,Nublado
2025-04-13 00:51:00,10.0,11.5,12.42,80.3,100.0,0.0,Desconocido,2876.0,0.0,0.0,0.0,0.0,2.4,Nublado
2025-04-13 00:56:00,10.0,11.4,12.34,82.6,100.0,1.44,Desconocido,2703.0,0.0,0.0,0.0,0.0,2.4,Nublado
2025-04-13 01:01:00,10.0,11.5,12.42,84.0,100.0,0.0,Desconocido,2838.0,0.0,0.0,0.0,0.0,2.4,Nublado
2025-04-13 01:06:00,10.25,11.3,12.27,82.6,100.0,0.0,Desconocido,2831.0,0.0,0.0,0.0,0.0,2.4,Nublado
2025-04-13 01:11:00,10.0,11.0,12.04,83.5,100.0,0.0,Desconocido,2743.0,0.0,0.0,0.0,0.0,2.4,Nublado
2025-04-13 01:16:00,10.0,10.9,11.96,85.2,100.0,0.0,Desconocido,2819.0,0.0,0.0,0.0,0.0,2.4,Nublado
2025-04-13 01:21:00,9.75,10.9,11.96,84.4,100.0,0.0,Desconocido,2739.0,0.0,0.0,0.0,0.0,2.4,Nublado
2025-04-13 01:26:00,9.75,10.7,11.81,84.3,100.0,0.0,Desconocido,2736.0,0.0,0.0,0.0,0.0,2.4,Nublado
2025-04-13 01:31:00,9.5,10.3,11.51,84.8,100.0,0.0,Desconocido,2723.0,0.0,0.0,0.0,0.0,2.4,Nublado
2025-04-13 01:36:00,9.0,9.9,11.2,85.4,100.0,0.0,Desconocido,2775.0,0.0,0.0,0.0,0.0,2.4,Nublado
2025-04-13 01:41:00,8.75,9.6,10.98,86.0,100.0,0.0,Desconocido,2745.0,0.0,0.0,0.0,0.0,2.4,Nublado
2025-04-13 01:46:00,8.5,9.3,10.75,87.1,100.0,0.0,Desconocido,2762.0,0.0,0.0,0.0,0.0,2.4,Nublado
2025-04-13 01:51:00,8.25,9.3,10.75,87.9,100.0,0.0,Desconocido,2770.0,0.0,0.0,0.0,0.0,2.4,Nublado
2025-04-13 01:56:00,8.25,9.1,10.6,88.4,100.0,0.0,Desconocido,2662.0,0.0,0.0,0.0,0.0,2.4,Nublado
2025-04-13 02:01:00,8.0,9.1,10.6,88.9,100.0,0.0,Desconocido,2828.0,0.0,0.0,0.0,0.0,2.4,Nublado
2025-04-13 02:06:00,8.0,9.3,10.75,89.2,100.0,0.0,Desconocido,2800.0,0.0,0.0,0.0,0.0,2.4,Nublado
2025-04-13 02:11:00,8.0,9.1,10.6,88.8,100.0,0.0,Desconocido,2804.0,0.0,0.0,0.0,0.0,2.4,Nublado
2025-04-13 02:16:00,8.0,9.4,10.82,90.0,100.0,0.0,Desconocido,2820.0,0.0,0.0,0.0,0.0,2.4,Nublado
2025-04-13 02:21:00,8.0,9.3,10.75,88.9,100.0,0.0,Desconocido,2813.0,0.0,0.0,0.0,0.0,2.4,Nublado
2025-04-13 02:26:00,8.0,9.2,10.67,89.1,100.0,0.0,Desconocido,2800.0,0.0,0.0,0.0,0.0,2.4,Nublado
2025-04-13 02:31:00,8.0,9.5,10.9,88.7,100.0,0.0,Desconocido,2757.0,0.0,0.0,0.0,0.0,2.4,Nublado
2025-04-13 02:36:00,8.25,9.3,10.75,87.8,100.0,0.0,Desconocido,2735.0,0.0,0.0,0.0,0.0,2.4,Nublado
2025-04-13 02:41:00,8.0,9.3,10.75,88.0,100.0,0.0,Desconocido,2747.0,0.0,0.0,0.0,0.0,2.4,Nublado
2025-04-13 02:46:00,8.0,9.4,10.82,89.0,100.0,0.0,Desconocido,2896.0,0.0,0.0,0.0,0.0,2.4,Nublado
2025-04-13 02:51:00,8.0,9.6,10.98,88.2,100.0,0.0,Desconocido,2817.0,0.0,0.0,0.0,0.0,2.4,Nublado
2025-04-13 02:56:00,8.25,9.3,10.75,87.2,100.0,0.0,Desconocido,2802.0,0.0,0.0,0.0,0.0,2.4,Nublado
2025-04-13 03:01:00,8.25,9.3,10.75,87.8,100.0,0.0,Desconocido,2786.0,0.0,0.0,0.0,0.0,2.4,Nublado
2025-04-13 03:06:00,8.25,9.3,10.75,88.0,100.0,0.0,Desconocido,2763.0,0.0,0.0,0.0,0.0,2.4,Nublado
2025-04-13 03:11:00,8.25,9.5,10.9,88.4,100.0,0.0,Desconocido,2745.0,0.0,0.0,0.0,0.0,2.4,Nublado
2025-04-13 03:16:00,8.25,9.4,10.82,87.3,100.0,0.0,Desconocido,2764.0,0.0,0.0,0.0,0.0,2.4,Nublado
2025-04-13 03:21:00,8.25,9.5,10.9,86.9,100.0,0.0,Desconocido,2739.0,0.0,0.0,0.0,0.0,2.4,Nublado
2025-04-13 03:26:00,8.25,9.4,10.82,87.0,100.0,0.0,Desconocido,2782.0,0.0,0.0,0.0,0.0,2.4,Nublado
2025-04-13 03:31:00,8.0,9.0,10.52,86.7,100.0,0.0,Desconocido,2825.0,0.0,0.0,0.0,0.0,2.4,Nublado
2025-04-13 03:36:00,8.0,8.8,10.37,87.4,100.0,0.0,Desconocido,2694.0,0.0,0.0,0.0,0.0,2.4,Nublado
2025-04-13 03:41:00,7.75,8.6,10.22,88.1,100.0,0.0,Desconocido,2733.0,0.0,0.0,0.0,0.0,2.4,Nublado
2025-04-13 03:46:00,7.5,8.5,10.14,88.3,100.0,0.0,Desconocido,2796.0,0.0,0.0,0.0,0.0,2.4,Nublado
2025-04-13 03:51:00,7.5,8.4,10.06,89.3,100.0,0.0,Desconocido,2754.0,0.0,0.0,0.0,0.0,2.4,Nublado
2025-04-13 03:56:00,7.5,8.5,10.14,89.6,100.0,0.0,Desconocido,2697.0,0.0,0.0,0.0,0.0,2.4,Nublado
2025-04-13 04:01:00,7.5,8.4,10.06,89.4,100.0,0.0,Desconocido,2725.0,0.0,0.0,0.0,0.0,2.4,Nublado
2025-04-13 04:06:00,7.25,8.4,10.06,89.9,100.0,0.0,Desconocido,2782.0,0.0,0.0,0.0,0.0,2.4,Nublado
2025-04-13 04:11:00,7.25,8.3,9.99,89.7,100.0,0.0,Desconocido,2755.0,0.0,0.0,0.0,0.0,2.4,Nublado
2025-04-13 04:16:00,7.25,8.3,9.99,89.8,100.0,0.0,Desconocido,2779.0,0.0,0.0,0.0,0.0,2.4,Nublado
2025-04-13 04:21:00,7.25,8.0,9.76,89.5,100.0,0.0,Desconocido,2765.0,0.0,0.0,0.0,0.0,2.4,Nublado
2025-04-13 04:26:00,7.0,8.2,9.91,90.3,100.0,0.0,Desconocido,2771.0,0.0,0.0,0.0,0.0,2.4,Nublado
2025-04-13 04:31:00,7.0,8.4,10.06,90.6,100.0,0.0,Desconocido,2747.0,0.0,0.0,0.0,0.0,2.4,Nublado
2025-04-13 04:36:00,7.0,8.3,9.99,90.0,100.0,0.0,Desconocido,2768.0,0.0,0.0,0.0,0.0,2.4,Nublado
2025-04-13 04:41:00,7.0,8.1,9.84,89.9,100.0,0.0,Desconocido,2745.0,0.0,0.0,0.0,0.0,2.4,Nublado
2025-04-13 04:46:00,7.0,8.0,9.76,90.0,100.0,0.0,Desconocido,2635.0,0.0,0.0,0.0,0.0,2.4,Nublado
2025-04-13 04:51:00,7.0,8.1,9.84,90.1,100.0,0.0,Desconocido,2853.0,0.0,0.0,0.0,0.0,2.4,Nublado
2025-04-13 04:56:00,7.0,8.0,9.76,90.2,100.0,0.0,Desconocido,2741.0,0.0,0.0,0.0,0.0,2.4,Nublado
2025-04-13 05:01:00,6.75,7.8,9.61,89.9,100.0,0.0,Desconocido,2785.0,0.0,0.0,0.0,0.0,2.4,Nublado
2025-04-13 05:06:00,6.75,7.7,9.53,89.9,100.0,0.0,Desconocido,2743.0,0.0,0.0,0.0,0.0,2.4,Nublado
2025-04-13 05:11:00,6.75,7.8,9.61,90.5,100.0,0.0,Desconocido,2721.0,0.0,0.0,0.0,0.0,2.4,Nublado
2025-04-13 05:16:00,6.75,8.0,9.76,90.7,100.0,0.0,Desconocido,2727.0,0.0,0.0,0.0,0.0,2.4,Nublado
2025-04-13 05:21:00,7.0,7.9,9.68,90.2,100.0,0.0,Desconocido,2788.0,0.0,0.0,0.0,0.0,2.4,Nublado
2025-04-13 05:26:00,7.0,8.0,9.76,90.2,100.0,0.0,Desconocido,2864.0,0.0,0.0,0.0,0.0,2.4,Nublado
2025-04-13 05:31:00,6.75,7.8,9.61,89.9,100.0,0.0,Desconocido,2850.0,0.0,0.0,0.0,0.0,2.4,Nublado
2025-04-13 05:36:00,6.75,7.7,9.53,89.8,100.0,0.0,Desconocido,2787.0,0.0,0.0,0.0,0.0,2.4,Nublado
2025-04-13 05:41:00,7.0,9.0,10.52,89.4,100.0,0.0,Desconocido,2683.0,0.0,0.0,0.0,0.0,2.4,Nublado
2025-04-13 05:46:00,7.25,8.4,10.06,85.8,100.0,0.0,Desconocido,2686.0,0.0,0.0,0.0,0.0,2.4,Nublado
2025-04-13 05:51:00,7.25,7.8,9.61,87.5,100.0,0.0,Desconocido,2846.0,0.0,0.0,0.0,0.0,2.4,Nublado
2025-04-13 05:56:00,7.0,7.5,9.38,88.0,100.0,0.0,Desconocido,2809.0,0.0,0.0,6.0,0.05,2.4,Nublado
2025-04-13 06:01:00,6.75,7.7,9.53,89.7,100.0,0.0,Desconocido,2737.0,0.0,0.0,18.0,0.14,2.4,Nublado
2025-04-13 06:06:00,6.75,7.8,9.61,89.9,100.0,0.0,Desconocido,2753.0,0.0,0.0,36.0,0.28,2.4,Nublado
2025-04-13 06:11:00,6.75,7.8,9.61,89.8,100.0,0.0,Desconocido,2731.0,0.0,0.0,68.0,0.54,2.4,Nublado
2025-04-13 06:16:00,7.0,7.6,9.46,89.5,100.0,0.0,Desconocido,2773.0,0.0,0.0,112.0,0.88,2.4,Nublado
2025-04-13 06:21:00,6.75,7.5,9.38,89.8,100.0,0.0,Desconocido,2704.0,0.0,0.0,186.0,1.47,2.4,Nublado
2025-04-13 06:26:00,7.0,8.0,9.76,91.0,100.0,0.0,Desconocido,2725.0,0.0,0.0,278.0,2.2,2.4,Nublado
2025-04-13 06:31:00,7.25,8.5,10.14,90.6,100.0,0.0,Desconocido,2742.0,0.0,0.0,426.0,3.36,2.4,Nublado
2025-04-13 06:36:00,8.0,10.0,11.28,90.7,100.0,0.0,Desconocido,2800.0,0.0,0.0,685.0,5.41,2.4,Nublado
2025-04-13 06:41:00,9.0,12.1,12.88,82.2,100.0,0.0,Desconocido,2740.0,0.0,0.0,1234.0,9.75,2.4,Nublado
2025-04-13 06:46:00,11.0,13.7,14.09,73.1,93.14,0.0,Desconocido,2768.0,0.0,0.0,2875.0,22.71,1.99,Nublado
2025-04-13 06:51:00,13.5,14.7,14.85,66.7,84.43,0.0,Desconocido,2802.0,0.0,0.0,5241.0,41.4,1.47,Despejado
2025-04-13 06:56:00,15.5,15.1,15.16,62.3,78.45,1.85,Desconocido,2768.0,0.0,0.0,8376.0,66.17,1.11,Despejado
2025-04-13 07:01:00,17.25,15.6,15.54,61.7,77.63,0.0,Desconocido,2669.0,0.0,0.0,11284.0,89.15,1.06,Despejado
2025-04-13 07:06:00,18.5,16.2,15.99,59.4,74.5,2.2,Desconocido,2632.0,0.0,0.0,15762.0,124.52,0.87,Despejado
2025-04-13 07:11:00,19.75,16.4,16.14,58.8,73.69,0.0,Desconocido,2747.0,0.0,0.0,18943.0,149.65,0.82,Despejado
2025-04-13 07:16:00,20.5,16.1,15.92,57.3,71.65,1.42,Desconocido,3649.0,0.0,0.0,22651.0,178.94,0.7,Despejado
2025-04-13 07:21:00,20.75,16.6,16.3,57.5,71.92,0.0,Desconocido,3670.0,0.0,0.0,25874.0,204.41,0.72,Despejado
2025-04-13 07:26:00,21.75,17.2,16.75,56.3,70.29,0.0,Desconocido,3699.0,0.0,0.0,29547.0,233.42,0.62,Despejado
2025-04-13 07:31:00,23.0,17.5,16.98,55.2,68.79,0.0,Desconocido,3635.0,0.0,0.0,33428.0,264.06,0.53,Despejado
2025-04-13 07:36:00,24.25,18.1,17.44,52.9,65.66,0.0,Desconocido,3605.0,0.0,0.0,38256.0,302.22,0.34,Despejado
2025-04-13 07:41:00,25.75,18.1,17.44,51.9,64.3,3.26,E,4095.0,0.0,0.0,42174.0,333.18,0.26,Despejado
2025-04-13 07:46:00,26.75,18.1,17.44,54.1,67.3,0.0,E,4095.0,0.0,0.0,45682.0,360.89,0.44,Despejado
2025-04-13 07:51:00,27.5,17.4,16.9,55.7,69.47,0.0,Desconocido,3671.0,0.0,0.0,48263.0,381.28,0.57,Despejado
2025-04-13 07:56:00,28.25,17.4,16.9,56.1,70.02,9.58,E,4095.0,0.0,0.0,51482.0,406.7,0.6,Despejado
2025-04-13 08:01:00,28.75,17.2,16.75,56.6,70.7,0.0,E,4095.0,0.0,0.0,54271.0,428.74,0.64,Despejado
2025-04-13 08:06:00,29.25,17.4,16.9,58.6,73.42,4.69,Desconocido,2770.0,0.0,0.0,52864.0,417.63,0.86,Despejado
2025-04-13 08:11:00,29.5,17.9,17.28,57.9,72.46,4.08,Desconocido,3719.0,0.0,0.0,53694.0,424.18,0.99,Despejado
2025-04-13 08:16:00,30.0,17.6,17.06,58.1,72.74,0.0,Desconocido,3661.0,0.0,0.0,54372.0,429.54,1.18,Despejado
2025-04-13 08:21:00,30.25,17.9,17.28,56.4,70.42,0.0,S,2407.0,0.0,0.0,55846.0,441.18,1.2,Despejado
2025-04-13 08:26:00,31.0,18.1,17.44,55.6,69.34,4.39,Desconocido,2783.0,0.0,0.0,57683.0,455.7,1.29,Despejado
2025-04-13 08:31:00,31.25,17.9,17.28,56.5,70.56,6.42,E,4095.0,0.0,0.0,56891.0,449.38,1.5,Despejado
2025-04-13 08:36:00,31.5,18.4,17.66,54.8,68.25,6.61,Desconocido,2813.0,0.0,0.0,58745.0,464.12,1.49,Despejado
2025-04-13 08:41:00,31.75,18.6,17.82,53.0,65.8,4.76,Desconocido,3712.0,0.0,0.0,60354.0,476.8,1.46,Despejado
2025-04-13 08:46:00,32.25,19.1,18.2,50.8,62.81,6.4,E,4095.0,0.0,0.0,61872.0,488.83,1.39,Despejado
2025-04-13 08:51:00,32.75,18.8,17.97,51.0,63.08,2.7,E,4095.0,0.0,0.0,62476.0,493.56,1.51,Despejado
2025-04-13 08:56:00,32.75,18.8,17.97,49.5,61.04,15.01,Desconocido,3778.0,0.0,0.0,62187.0,491.27,1.49,Despejado
2025-04-13 09:01:00,32.75,19.6,18.58,51.1,63.22,0.0,E,4095.0,0.0,0.0,62863.0,496.62,1.71,Despejado
2025-04-13 09:06:00,33.75,20.2,19.03,48.5,59.68,4.89,E,4095.0,0.0,0.0,63472.0,501.42,1.6,Despejado
2025-04-13 09:11:00,34.5,19.4,18.42,50.1,61.86,13.72,E,4095.0,0.0,0.0,61385.0,484.94,1.79,Despejado
2025-04-13 09:16:00,35.0,19.8,18.73,50.2,61.99,3.56,E,4095.0,0.0,0.0,62479.0,493.58,1.88,Despejado
2025-04-13 09:21:00,35.5,20.4,19.18,49.7,61.31,0.0,NO,673.0,0.0,0.0,63182.0,499.14,1.91,Despejado
2025-04-13 09:26:00,36.5,20.9,19.56,48.1,59.14,7.47,E,4095.0,0.0,0.0,63871.0,504.55,1.9,Despejado
2025-04-13 09:31:00,36.0,19.3,18.35,51.0,63.08,18.79,O,1674.0,0.0,0.0,59784.0,472.3,2.14,Despejado
2025-04-13 09:36:00,34.5,20.4,19.18,49.6,61.18,6.02,O,1686.0,0.0,0.0,62175.0,491.18,2.09,Despejado
2025-04-13 09:41:00,35.5,20.8,19.49,48.2,59.27,3.33,O,1606.0,0.0,0.0,63284.0,499.94,2.07,Despejado
2025-04-13 09:46:00,36.25,21.5,20.02,48.5,59.68,1.12,O,1645.0,0.0,0.0,64382.0,508.62,2.12,Despejado
2025-04-13 09:51:00,37.0,20.6,19.34,48.1,59.14,1.9,Desconocido,3663.0,0.0,0.0,63845.0,504.35,2.17,Despejado
2025-04-13 09:56:00,36.0,20.4,19.18,49.7,61.31,6.89,Desconocido,3757.0,0.0,0.0,62731.0,495.57,2.3,Despejado
2025-04-13 10:01:00,36.0,21.3,19.87,47.3,58.05,1.45,Desconocido,2773.0,0.0,0.0,63752.0,503.64,2.26,Despejado
2025-04-13 10:06:00,37.5,22.1,20.48,45.8,56.01,7.07,O,1637.0,0.0,0.0,64875.0,512.52,2.3,Despejado
2025-04-13 10:11:00,38.25,22.1,20.48,46.0,56.28,5.23,NO,1589.0,0.0,0.0,64536.0,509.83,2.34,Despejado
2025-04-13 10:16:00,38.5,21.7,20.17,46.7,57.23,2.22,O,1670.0,0.0,0.0,64872.0,512.5,2.37,Despejado
2025-04-13 10:21:00,38.0,21.5,20.02,46.7,57.23,5.53,NO,634.0,0.0,0.0,64185.0,507.06,2.41,Despejado
2025-04-13 10:26:00,38.0,22.1,20.48,46.0,56.28,4.81,S,2404.0,0.0,0.0,64682.0,511.07,2.44,Despejado
2025-04-13 10:31:00,37.75,22.0,20.4,44.8,54.65,2.87,Desconocido,3781.0,0.0,0.0,65127.0,514.5,2.47,Despejado
2025-04-13 10:36:00,38.0,22.1,20.48,44.2,53.83,10.68,E,4095.0,0.0,0.0,65386.0,516.55,2.49,Despejado
2025-04-13 10:41:00,36.5,21.3,19.87,47.6,58.46,1.98,Desconocido,2857.0,0.0,0.0,64152.0,506.8,2.52,Despejado
2025-04-13 10:46:00,35.75,22.3,20.63,43.1,52.34,0.0,S,2416.0,0.0,0.0,65274.0,515.66,2.54,Despejado
2025-04-13 10:51:00,35.25,22.1,20.48,43.9,53.42,0.0,E,4095.0,0.0,0.0,65382.0,516.52,2.56,Despejado
2025-04-13 10:56:00,35.25,22.6,20.86,43.6,53.02,0.0,E,4095.0,0.0,0.0,65487.0,517.35,2.58,Despejado
2025-04-13 11:01:00,36.75,23.4,21.46,43.0,52.2,5.69,O,1683.0,0.0,0.0,65536.0,517.73,2.6,Despejado
2025-04-13 11:06:00,36.75,22.0,20.4,44.3,53.97,3.74,O,1648.0,0.0,0.0,65382.0,516.52,2.62,Despejado
2025-04-13 11:11:00,36.75,23.7,21.69,41.7,50.43,5.14,O,1648.0,0.0,0.0,65536.0,517.73,2.63,Despejado
2025-04-13 11:16:00,38.0,22.9,21.08,41.8,50.57,3.45,E,4095.0,0.0,0.0,65536.0,517.73,2.65,Despejado
2025-04-13 11:21:00,36.25,22.3,20.63,43.9,53.42,3.3,O,1642.0,0.0,0.0,65492.0,517.39,2.66,Despejado
2025-04-13 11:26:00,35.25,23.1,21.24,43.8,53.29,5.24,E,4095.0,0.0,0.0,65536.0,517.73,2.67,Despejado
2025-04-13 11:31:00,36.75,24.2,22.07,40.1,48.26,4.07,Desconocido,2800.0,0.0,0.0,65536.0,517.73,2.68,Despejado
2025-04-13 11:36:00,38.5,24.1,22.0,40.9,49.34,2.2,E,4095.0,0.0,0.0,65536.0,517.73,2.68,Despejado
2025-04-13 11:41:00,41.0,26.3,23.67,40.3,48.53,1.1,O,1702.0,0.0,0.0,65536.0,517.73,2.69,Despejado
2025-04-13 11:46:00,43.5,25.3,22.91,43.3,52.61,13.72,O,1648.0,0.0,0.0,64783.0,511.88,2.7,Despejado
2025-04-13 11:51:00,43.5,24.4,22.22,43.8,53.29,10.32,E,4095.0,0.0,0.0,65382.0,516.52,2.7,Despejado
2025-04-13 11:56:00,43.25,23.5,21.54,47.1,57.78,3.3,O,1653.0,0.0,0.0,64271.0,507.73,2.7,Despejado
2025-04-13 12:01:00,42.5,24.2,22.07,46.1,56.42,5.69,O,1662.0,0.0,0.0,64385.0,508.64,2.7,Despejado
2025-04-13 12:06:00,41.0,22.8,21.01,47.6,58.46,9.31,O,1616.0,0.0,0.0,63852.0,504.41,2.7,Despejado
2025-04-13 12:11:00,38.25,23.7,21.69,49.9,61.58,3.57,NO,1243.0,0.0,0.0,62894.0,496.87,2.79,Despejado
2025-04-13 12:16:00,39.5,24.6,22.38,45.3,55.33,1.4,Desconocido,2857.0,0.0,0.0,65384.0,516.53,2.69,Despejado
2025-04-13 12:21:00,39.0,22.8,21.01,49.2,60.63,0.0,Desconocido,2730.0,0.0,0.0,63581.0,502.29,2.73,Despejado
2025-04-13 12:26:00,37.25,23.9,21.84,44.8,54.65,4.01,Desconocido,2845.0,0.0,0.0,64752.0,511.64,2.68,Despejado
2025-04-13 12:31:00,38.75,23.9,21.84,47.3,58.05,2.51,O,1714.0,0.0,0.0,63874.0,504.58,2.67,Despejado
2025-04-13 12:36:00,40.75,24.8,22.53,45.5,55.6,1.5,Desconocido,2366.0,0.0,0.0,65182.0,515.04,2.66,Despejado
2025-04-13 12:41:00,42.75,25.1,22.76,44.1,53.7,6.22,S,2439.0,0.0,0.0,64827.0,512.14,2.65,Despejado
2025-04-13 12:46:00,43.25,24.3,22.15,45.7,55.87,5.05,O,1677.0,0.0,0.0,63971.0,505.34,2.64,Despejado
2025-04-13 12:51:00,44.0,25.9,23.36,44.0,53.56,0.98,NO,1599.0,0.0,0.0,65274.0,515.66,2.63,Despejado
2025-04-13 12:56:00,45.75,26.6,23.9,43.7,53.15,0.0,O,1701.0,0.0,0.0,65483.0,517.32,2.61,Despejado
2025-04-13 13:01:00,47.0,26.0,23.44,42.2,51.11,0.0,O,1687.0,0.0,0.0,65246.0,515.44,2.59,Despejado
2025-04-13 13:06:00,46.5,25.2,22.83,47.2,57.91,4.48,O,1721.0,0.0,0.0,64182.0,507.04,2.58,Despejado
2025-04-13 13:11:00,46.5,25.7,23.21,45.1,55.06,1.1,O,1642.0,0.0,0.0,64978.0,513.33,2.56,Despejado
2025-04-13 13:16:00,46.0,26.3,23.67,44.7,54.51,3.56,O,1687.0,0.0,0.0,65182.0,515.04,2.53,Despejado
2025-04-13 13:21:00,46.5,26.1,23.52,46.1,56.42,2.28,NO,1570.0,0.0,0.0,64879.0,512.55,2.51,Despejado
2025-04-13 13:26:00,47.25,25.5,23.06,45.4,55.46,0.0,NO,622.0,0.0,0.0,64573.0,510.13,2.48,Despejado
2025-04-13 13:31:00,47.5,26.0,23.44,43.9,53.42,4.2,E,4095.0,0.0,0.0,64872.0,512.5,2.46,Despejado
2025-04-13 13:36:00,47.0,24.8,22.53,47.4,58.18,0.0,Desconocido,2820.0,0.0,0.0,63584.0,502.31,2.43,Despejado
2025-04-13 13:41:00,47.0,26.0,23.44,44.2,53.83,8.96,O,1639.0,0.0,0.0,64283.0,507.82,2.39,Despejado
2025-04-13 13:46:00,47.25,24.9,22.6,44.6,54.38,4.33,E,4095.0,0.0,0.0,63975.0,505.37,2.36,Despejado
2025-04-13 13:51:00,47.25,26.6,23.9,45.1,55.06,0.98,E,4095.0,0.0,0.0,65182.0,515.04,2.32,Despejado
2025-04-13 13:56:00,48.0,23.8,21.77,56.6,70.7,13.4,O,1668.0,0.0,0.0,55842.0,441.15,2.93,Despejado
2025-04-13 14:01:00,46.5,21.3,19.87,62.2,78.31,5.29,O,1731.0,0.0,0.0,49871.0,393.98,3.34,Despejado
2025-04-13 14:06:00,42.0,20.2,19.03,68.2,86.47,3.88,O,1673.0,0.0,0.0,42687.0,337.22,3.79,Nublado
2025-04-13 14:11:00,38.5,21.3,19.87,63.5,80.08,3.57,O,1618.0,0.0,0.0,47865.0,378.09,3.36,Despejado
2025-04-13 14:16:00,36.25,20.4,19.18,67.5,85.52,2.08,SO,2077.0,0.0,0.0,42368.0,334.71,3.63,Nublado
2025-04-13 14:21:00,32.75,19.5,18.5,68.2,86.47,11.31,O,1738.0,0.0,0.0,37482.0,296.11,3.64,Nublado
2025-04-13 14:26:00,30.0,19.5,18.5,70.9,90.14,8.12,O,1665.0,0.0,0.0,32574.0,257.33,3.8,Nublado
2025-04-13 14:31:00,28.0,19.4,18.42,72.3,92.05,3.96,O,1678.0,0.0,0.0,28764.0,227.24,3.86,Nublado
2025-04-13 14:36:00,27.25,20.1,18.96,73.5,93.68,4.62,O,1690.0,0.0,0.0,27654.0,218.47,3.89,Nublado
2025-04-13 14:41:00,30.0,21.9,20.32,64.9,81.98,5.4,O,1600.0,0.0,0.0,38763.0,306.23,3.12,Despejado
2025-04-13 14:46:00,33.25,22.4,20.7,62.5,78.72,0.0,NO,1590.0,0.0,0.0,43684.0,345.1,2.85,Despejado
2025-04-13 14:51:00,36.0,23.1,21.24,59.6,74.78,5.53,O,1664.0,0.0,0.0,48765.0,385.24,2.54,Despejado
2025-04-13 14:56:00,38.5,24.1,22.0,55.3,68.93,0.0,O,1677.0,0.0,0.0,54782.0,432.77,2.11,Despejado
2025-04-13 15:01:00,39.25,21.6,20.1,63.5,80.08,8.02,O,1669.0,0.0,0.0,47653.0,376.46,2.69,Despejado
2025-04-13 15:06:00,36.75,21.5,20.02,66.2,83.75,13.36,SO,2090.0,0.0,0.0,42368.0,334.71,2.81,Despejado
2025-04-13 15:11:00,35.5,21.2,19.79,64.8,81.85,15.0,O,1677.0,0.0,0.0,41253.0,325.9,2.6,Despejado
2025-04-13 15:16:00,35.75,21.8,20.25,62.8,79.13,7.71,O,1683.0,0.0,0.0,42874.0,338.72,2.33,Despejado
2025-04-13 15:21:00,35.75,21.1,19.72,64.2,81.03,13.29,O,1639.0,0.0,0.0,42146.0,332.95,2.33,Despejado
2025-04-13 15:26:00,33.75,20.3,19.11,66.8,84.57,6.03,SO,2089.0,0.0,0.0,38574.0,304.73,2.42,Despejado
2025-04-13 15:31:00,33.5,21.3,19.87,64.3,81.17,5.1,SO,2110.0,0.0,0.0,39683.0,313.48,2.08,Despejado
2025-04-13 15:36:00,32.0,19.6,18.58,68.2,86.47,12.46,SO,2160.0,0.0,0.0,34862.0,275.41,2.26,Nublado
2025-04-13 15:41:00,29.0,18.8,17.97,72.3,92.05,11.01,SO,2128.0,0.0,0.0,29874.0,236.01,2.44,Nublado
2025-04-13 15:46:00,26.75,18.9,18.04,71.3,90.69,1.7,SO,2088.0,0.0,0.0,26487.0,209.24,2.19,Nublado
2025-04-13 15:51:00,25.25,19.1,18.2,71.8,91.37,4.91,SO,2115.0,0.0,0.0,24653.0,194.77,2.05,Nublado
2025-04-13 15:56:00,24.5,18.5,17.74,73.2,93.27,5.43,SO,2064.0,0.0,0.0,23482.0,185.51,2.0,Nublado
2025-04-13 16:01:00,23.5,18.6,17.82,72.2,91.91,5.69,SO,2148.0,0.0,0.0,22374.0,176.75,1.91,Nublado
2025-04-13 16:06:00,23.75,19.0,18.12,71.0,90.28,6.08,SO,2112.0,0.0,0.0,21684.0,171.3,1.82,Nublado
2025-04-13 16:11:00,23.75,18.0,17.36,75.3,96.13,3.67,SO,2106.0,0.0,0.0,20478.0,161.77,2.17,Nublado
2025-04-13 16:16:00,23.0,18.3,17.59,74.2,94.63,5.2,SO,2097.0,0.0,0.0,19875.0,157.0,2.08,Nublado
2025-04-13 16:21:00,23.5,19.7,18.65,70.4,89.46,4.58,SO,2127.0,0.0,0.0,18964.0,149.82,1.77,Nublado
2025-04-13 16:26:00,25.5,19.1,18.2,70.5,89.6,6.51,SO,2098.0,0.0,0.0,17856.0,141.06,1.78,Nublado
2025-04-13 16:31:00,25.0,18.1,17.44,75.0,95.72,5.29,SO,2156.0,0.0,0.0,16473.0,130.14,2.14,Nublado
2025-04-13 16:36:00,23.5,17.6,17.06,77.8,99.53,4.54,SO,2127.0,0.0,0.0,14862.0,117.41,2.37,Nublado
2025-04-13 16:41:00,22.25,17.5,16.98,77.0,98.44,1.1,SO,2099.0,0.0,0.0,13574.0,107.24,2.31,Nublado
2025-04-13 16:46:00,21.25,17.4,16.9,78.2,100.0,0.0,SO,2037.0,0.0,0.0,12487.0,98.65,2.4,Nublado
2025-04-13 16:51:00,20.5,17.4,16.9,78.1,99.94,4.37,SO,2161.0,0.0,0.0,11574.0,91.44,2.4,Nublado
2025-04-13 16:56:00,20.0,17.1,16.68,79.4,100.0,4.53,SO,2075.0,0.0,0.0,10683.0,84.39,2.4,Nublado
2025-04-13 17:01:00,19.5,17.1,16.68,79.3,100.0,3.58,SO,2093.0,0.0,0.0,9874.0,78.0,2.4,Nublado
2025-04-13 17:06:00,19.25,17.2,16.75,79.8,100.0,4.52,SO,2096.0,0.0,0.0,9152.0,72.3,2.4,Nublado
2025-04-13 17:11:00,19.25,17.3,16.83,79.6,100.0,4.76,SO,2053.0,0.0,0.0,8473.0,66.94,2.4,Nublado
2025-04-13 17:16:00,19.75,17.8,17.21,77.5,99.12,1.74,SO,2100.0,0.0,0.0,7845.0,61.97,2.35,Nublado
2025-04-13 17:21:00,20.5,17.8,17.21,77.5,99.12,0.0,SO,2094.0,0.0,0.0,7241.0,57.2,2.35,Nublado
2025-04-13 17:26:00,20.5,17.6,17.06,78.0,99.8,1.47,SO,2102.0,0.0,0.0,6758.0,53.39,2.39,Nublado
2025-04-13 17:31:00,20.5,17.5,16.98,78.7,100.0,0.0,SO,2132.0,0.0,0.0,6142.0,48.52,2.4,Nublado
2025-04-13 17:36:00,20.0,17.3,16.83,78.7,100.0,0.0,SO,2103.0,0.0,0.0,5674.0,44.82,2.4,Nublado
2025-04-13 17:41:00,19.5,17.2,16.75,78.8,100.0,0.0,SO,2116.0,0.0,0.0,5124.0,40.48,2.4,Nublado
2025-04-13 17:46:00,19.25,16.9,16.52,80.4,100.0,0.0,SO,2161.0,0.0,0.0,4582.0,36.2,2.4,Nublado
2025-04-13 17:51:00,18.75,16.7,16.37,79.6,100.0,4.33,SO,2071.0,0.0,0.0,4087.0,32.29,2.4,Nublado
2025-04-13 17:56:00,18.25,16.5,16.22,78.5,100.0,2.39,SO,2133.0,0.0,0.0,3574.0,28.23,2.4,Nublado
2025-04-13 18:01:00,18.0,16.5,16.22,77.1,98.58,0.0,SO,2047.0,0.0,0.0,3142.0,24.82,2.31,Nublado
2025-04-13 18:06:00,17.5,16.4,16.14,76.3,97.49,0.0,SO,2117.0,0.0,0.0,2687.0,21.23,2.25,Nublado
2025-04-13 18:11:00,17.25,16.3,16.07,75.9,96.94,0.0,SO,2064.0,0.0,0.0,2274.0,17.96,2.22,Nublado
2025-04-13 18:16:00,16.75,16.1,15.92,75.8,96.81,0.0,SO,2093.0,0.0,0.0,1874.0,14.8,2.21,Nublado
2025-04-13 18:21:00,16.5,16.0,15.84,76.0,97.08,0.0,SO,2141.0,0.0,0.0,1573.0,12.43,2.22,Nublado
2025-04-13 18:26:00,16.0,15.8,15.69,75.3,96.13,0.0,SO,2041.0,0.0,0.0,1287.0,10.17,2.17,Nublado
2025-04-13 18:31:00,15.75,15.6,15.54,73.2,93.27,0.0,SO,2102.0,0.0,0.0,1035.0,8.18,2.0,Nublado
2025-04-13 18:36:00,15.25,15.5,15.46,73.7,93.95,0.0,SO,2096.0,0.0,0.0,842.0,6.65,2.04,Nublado
2025-04-13 18:41:00,15.0,15.2,15.23,74.3,94.77,0.0,SO,2046.0,0.0,0.0,672.0,5.31,2.09,Nublado
2025-04-13 18:46:00,14.5,15.0,15.08,74.8,95.45,0.0,SO,2141.0,0.0,0.0,525.0,4.15,2.13,Nublado
2025-04-13 18:51:00,14.25,15.0,15.08,72.9,92.86,0.0,SO,2089.0,0.0,0.0,386.0,3.05,1.97,Nublado
2025-04-13 18:56:00,14.25,15.1,15.16,73.1,93.14,0.0,SO,2186.0,0.0,0.0,284.0,2.24,1.99,Nublado
2025-04-13 19:01:00,14.0,14.9,15.0,73.0,93.0,0.0,SO,2163.0,0.0,0.0,187.0,1.48,1.98,Nublado
2025-04-13 19:06:00,14.0,14.9,15.0,74.0,94.36,0.0,SO,2071.0,0.0,0.0,0.0,0.0,2.06,Nublado
2025-04-13 19:11:00,14.0,14.9,15.0,74.2,94.63,0.0,SO,2128.0,0.0,0.0,0.0,0.0,2.08,Nublado
2025-04-13 19:16:00,14.25,15.1,15.16,73.2,93.27,0.0,SO,2176.0,0.0,0.0,0.0,0.0,2.0,Nublado
2025-04-13 19:21:00,14.5,15.3,15.31,71.5,90.96,0.0,SO,2092.0,0.0,0.0,0.0,0.0,1.86,Nublado
2025-04-13 19:26:00,14.75,15.3,15.31,72.9,92.86,0.0,SO,2129.0,0.0,0.0,0.0,0.0,1.97,Nublado
2025-04-13 19:31:00,14.75,15.3,15.31,73.9,94.22,0.0,SO,2167.0,0.0,0.0,0.0,0.0,2.05,Nublado
2025-04-13 19:36:00,14.75,15.2,15.23,76.1,97.22,0.0,SO,2054.0,0.0,0.0,0.0,0.0,2.23,Nublado
2025-04-13 19:41:00,14.5,14.7,14.85,78.9,100.0,0.0,SO,2085.0,0.0,0.0,0.0,0.0,2.4,Nublado
2025-04-13 19:46:00,14.5,14.5,14.7,80.4,100.0,0.0,SO,2075.0,0.0,0.0,0.0,0.0,2.4,Nublado
2025-04-13 19:51:00,14.5,14.6,14.78,80.4,100.0,0.0,SO,2131.0,0.0,0.0,0.0,0.0,2.4,Nublado
2025-04-13 19:56:00,14.25,14.6,14.78,80.8,100.0,0.0,SO,2080.0,0.0,0.0,0.0,0.0,2.4,Nublado
2025-04-13 20:01:00,14.5,14.9,15.0,81.0,100.0,0.0,SO,2118.0,0.0,0.0,0.0,0.0,2.4,Nublado
2025-04-13 20:07:00,14.5,14.8,14.93,80.9,100.0,0.0,SO,2176.0,0.0,0.0,0.0,0.0,2.4,Nublado
2025-04-13 20:12:00,14.25,14.5,14.7,82.1,100.0,0.0,SO,2064.0,0.0,0.0,0.0,0.0,2.4,Nublado
2025-04-13 20:17:00,14.0,14.2,14.47,83.3,100.0,0.0,SO,2031.0,0.0,0.0,0.0,0.0,2.4,Nublado
2025-04-13 20:22:00,13.75,13.9,14.24,84.1,100.0,0.0,SO,2082.0,0.0,0.0,0.0,0.0,2.4,Nublado
2025-04-13 20:27:00,13.5,13.6,14.02,84.2,100.0,0.0,SO,2117.0,0.0,0.0,0.0,0.0,2.4,Nublado
2025-04-13 20:32:00,13.25,13.5,13.94,85.3,100.0,0.0,SO,2086.0,0.0,0.0,0.0,0.0,2.4,Nublado
2025-04-13 20:37:00,13.0,13.4,13.86,86.1,100.0,0.0,SO,2064.0,0.0,0.0,0.0,0.0,2.4,Nublado
2025-04-13 20:42:00,12.75,13.3,13.79,86.7,100.0,0.0,SO,2081.0,0.0,0.0,0.0,0.0,2.4,Nublado
2025-04-13 20:47:00,12.75,13.2,13.71,87.3,100.0,0.0,SO,2094.0,0.0,0.0,0.0,0.0,2.4,Nublado
2025-04-13 20:52:00,12.75,13.3,13.79,87.8,100.0,0.0,SO,2066.0,0.0,0.0,0.0,0.0,2.4,Nublado
2025-04-13 20:57:00,12.75,13.4,13.86,86.9,100.0,0.0,SO,2109.0,0.0,0.0,0.0,0.0,2.4,Nublado
2025-04-13 21:02:00,12.75,13.4,13.86,86.1,100.0,0.0,SO,2067.0,0.0,0.0,0.0,0.0,2.4,Nublado
2025-04-13 21:07:00,12.75,13.1,13.64,86.6,100.0,0.0,SO,2138.0,0.0,0.0,0.0,0.0,2.4,Nublado
2025-04-13 21:12:00,12.75,12.9,13.48,87.1,100.0,0.0,SO,2122.0,0.0,0.0,0.0,0.0,2.4,Nublado
2025-04-13 21:17:00,12.5,12.8,13.41,87.4,100.0,0.0,SO,2143.0,0.0,0.0,0.0,0.0,2.4,Nublado
2025-04-13 21:22:00,12.25,12.6,13.26,88.4,100.0,0.0,SO,2140.0,0.0,0.0,0.0,0.0,2.4,Nublado
2025-04-13 21:27:00,12.25,12.6,13.26,88.8,100.0,0.0,SO,2031.0,0.0,0.0,0.0,0.0,2.4,Nublado
2025-04-13 21:32:00,12.25,12.5,13.18,88.6,100.0,0.0,SO,2170.0,0.0,0.0,0.0,0.0,2.4,Nublado
2025-04-13 21:37:00,12.0,12.8,13.41,88.5,100.0,0.0,SO,2093.0,0.0,0.0,0.0,0.0,2.4,Nublado
2025-04-13 21:42:00,12.0,12.7,13.33,87.6,100.0,0.0,SO,2150.0,0.0,0.0,0.0,0.0,2.4,Nublado
2025-04-13 21:47:00,11.75,12.5,13.18,87.9,100.0,0.0,SO,2108.0,0.0,0.0,0.0,0.0,2.4,Nublado
2025-04-13 21:52:00,11.75,12.4,13.1,88.5,100.0,0.0,SO,2106.0,0.0,0.0,0.0,0.0,2.4,Nublado
2025-04-13 21:57:00,11.75,12.3,13.03,88.9,100.0,0.0,SO,2096.0,0.0,0.0,0.0,0.0,2.4,Nublado
2025-04-13 22:02:00,11.5,12.1,12.88,88.7,100.0,0.0,SO,2115.0,0.0,0.0,0.0,0.0,2.4,Nublado
2025-04-13 22:07:00,11.25,11.8,12.65,88.6,100.0,0.0,SO,2035.0,0.0,0.0,0.0,0.0,2.4,Nublado
2025-04-13 22:12:00,11.25,11.6,12.5,89.3,100.0,0.0,SO,2064.0,0.0,0.0,0.0,0.0,2.4,Nublado
2025-04-13 22:17:00,11.0,11.6,12.5,89.9,100.0,0.0,SO,2135.0,0.0,0.0,0.0,0.0,2.4,Nublado
2025-04-13 22:22:00,10.75,11.4,12.34,90.0,100.0,0.0,SO,2128.0,0.0,0.0,0.0,0.0,2.4,Nublado
2025-04-13 22:27:00,10.75,11.2,12.19,90.0,100.0,0.0,SO,2138.0,0.0,0.0,0.0,0.0,2.4,Nublado
2025-04-13 22:32:00,10.75,11.3,12.27,90.4,100.0,0.0,SO,2199.0,0.0,0.0,0.0,0.0,2.4,Nublado
2025-04-13 22:37:00,10.75,11.3,12.27,90.8,100.0,0.0,SO,2151.0,0.0,0.0,0.0,0.0,2.4,Nublado
2025-04-13 22:42:00,10.75,11.2,12.19,90.6,100.0,0.0,SO,2074.0,0.0,0.0,0.0,0.0,2.4,Nublado
2025-04-13 22:47:00,10.75,11.3,12.27,90.9,100.0,0.0,SO,2064.0,0.0,0.0,0.0,0.0,2.4,Nublado
2025-04-13 22:52:00,10.75,11.3,12.27,90.7,100.0,0.0,SO,2128.0,0.0,0.0,0.0,0.0,2.4,Nublado
2025-04-13 22:57:00,10.75,11.5,12.42,90.8,100.0,0.0,SO,2122.0,0.0,0.0,0.0,0.0,2.4,Nublado
2025-04-13 23:02:00,10.75,11.5,12.42,90.1,100.0,0.0,SO,2071.0,0.0,0.0,0.0,0.0,2.4,Nublado
2025-04-13 23:07:00,10.75,11.2,12.19,89.3,100.0,0.0,SO,2019.0,0.0,0.0,0.0,0.0,2.4,Nublado
2025-04-13 23:12:00,10.5,10.9,11.96,89.6,100.0,0.0,SO,2111.0,0.0,0.0,0.0,0.0,2.4,Nublado
2025-04-13 23:17:00,10.25,10.5,11.66,89.7,100.0,0.0,SO,2095.0,0.0,0.0,0.0,0.0,2.4,Nublado
2025-04-13 23:22:00,10.0,10.4,11.58,90.3,100.0,0.0,SO,2112.0,0.0,0.0,0.0,0.0,2.4,Nublado
2025-04-13 23:27:00,9.75,10.2,11.43,90.2,100.0,0.0,SO,2160.0,0.0,0.0,0.0,0.0,2.4,Nublado
2025-04-13 23:32:00,9.75,10.1,11.36,90.4,100.0,0.0,SO,2179.0,0.0,0.0,0.0,0.0,2.4,Nublado
2025-04-13 23:37:00,9.5,10.4,11.58,91.1,100.0,0.0,SO,2000.0,0.0,0.0,0.0,0.0,2.4,Nublado
2025-04-13 23:42:00,9.5,10.3,11.51,91.1,100.0,0.0,SO,2143.0,0.0,0.0,0.0,0.0,2.4,Nublado
2025-04-13 23:47:00,9.5,10.2,11.43,90.9,100.0,0.0,SO,2059.0,0.0,0.0,0.0,0.0,2.4,Nublado
2025-04-13 23:52:00,9.5,10.3,11.51,91.4,100.0,0.0,SO,2128.0,0.0,0.0,0.0,0.0,2.4,Nublado
2025-04-13 23:57:00,9.5,10.3,11.51,91.2,100.0,0.0,SO,2094.0,0.0,0.0,0.0,0.0,2.4,Nublado
2025-04-14 00:02:00,9.5,10.2,11.43,90.9,100.0,0.0,SO,2086.0,0.0,0.0,0.0,0.0,2.4,Nublado
2025-04-14 00:07:00,9.5,10.1,11.36,90.9,100.0,0.0,SO,2061.0,0.0,0.0,0.0,0.0,2.4,Nublado
2025-04-14 00:12:00,9.5,10.5,11.66,91.6,100.0,0.0,SO,2192.0,0.0,0.0,0.0,0.0,2.4,Nublado
2025-04-14 00:17:00,9.75,10.6,11.74,91.0,100.0,0.0,SO,2148.0,0.0,0.0,0.0,0.0,2.4,Nublado
2025-04-14 00:22:00,9.75,10.5,11.66,90.4,100.0,0.0,SO,2135.0,0.0,0.0,0.0,0.0,2.4,Nublado
2025-04-14 00:27:00,9.75,10.0,11.28,89.4,100.0,0.0,SO,2161.0,0.0,0.0,0.0,0.0,2.4,Nublado
2025-04-14 00:32:00,9.75,9.9,11.2,89.9,100.0,0.0,SO,2015.0,0.0,0.0,0.0,0.0,2.4,Nublado
2025-04-14 00:37:00,9.75,10.0,11.28,90.8,100.0,0.0,SO,2198.0,0.0,0.0,0.0,0.0,2.4,Nublado
2025-04-14 00:42:00,9.5,9.9,11.2,90.6,100.0,0.0,SO,2160.0,0.0,0.0,0.0,0.0,2.4,Nublado
2025-04-14 00:47:00,9.5,9.9,11.2,90.9,100.0,0.0,SO,2128.0,0.0,0.0,0.0,0.0,2.4,Nublado
2025-04-14 00:52:00,9.25,9.9,11.2,90.9,100.0,0.0,SO,2113.0,0.0,0.0,0.0,0.0,2.4,Nublado
2025-04-14 00:57:00,9.25,9.5,10.9,90.6,100.0,0.0,SO,2125.0,0.0,0.0,0.0,0.0,2.4,Nublado
2025-04-14 01:02:00,9.25,9.4,10.82,91.1,100.0,0.0,SO,2171.0,0.0,0.0,0.0,0.0,2.4,Nublado
2025-04-14 01:07:00,9.0,9.6,10.98,91.5,100.0,0.0,SO,2111.0,0.0,0.0,0.0,0.0,2.4,Nublado
2025-04-14 01:12:00,9.0,9.7,11.05,91.6,100.0,0.0,SO,2114.0,0.0,0.0,0.0,0.0,2.4,Nublado
2025-04-14 01:17:00,9.0,9.5,10.9,91.1,100.0,0.0,SO,2093.0,0.0,0.0,0.0,0.0,2.4,Nublado
2025-04-14 01:22:00,9.0,9.5,10.9,91.4,100.0,0.0,SO,2099.0,0.0,0.0,0.0,0.0,2.4,Nublado
2025-04-14 01:27:00,8.75,9.5,10.9,91.4,100.0,0.0,SO,2073.0,0.0,0.0,0.0,0.0,2.4,Nublado
2025-04-14 01:32:00,9.0,9.4,10.82,91.2,100.0,0.0,SO,2108.0,0.0,0.0,0.0,0.0,2.4,Nublado
2025-04-14 01:37:00,9.0,9.6,10.98,91.7,100.0,0.0,SO,2062.0,0.0,0.0,0.0,0.0,2.4,Nublado
2025-04-14 01:42:00,9.0,9.6,10.98,91.7,100.0,0.0,SO,2166.0,0.0,0.0,0.0,0.0,2.4,Nublado
2025-04-14 01:47:00,9.0,9.7,11.05,91.7,100.0,0.0,SO,2075.0,0.0,0.0,0.0,0.0,2.4,Nublado
2025-04-14 01:52:00,9.0,9.4,10.82,91.1,100.0,0.0,SO,2032.0,0.0,0.0,0.0,0.0,2.4,Nublado
2025-04-14 01:57:00,9.0,9.6,10.98,91.5,100.0,0.0,SO,2093.0,0.0,0.0,0.0,0.0,2.4,Nublado
2025-04-14 02:02:00,9.0,9.5,10.9,91.3,100.0,0.0,SO,2144.0,0.0,0.0,0.0,0.0,2.4,Nublado
2025-04-14 02:07:00,8.75,9.6,10.98,91.5,100.0,0.0,SO,2098.0,0.0,0.0,0.0,0.0,2.4,Nublado
2025-04-14 02:12:00,8.75,9.4,10.82,90.9,100.0,0.0,SO,2078.0,0.0,0.0,0.0,0.0,2.4,Nublado
2025-04-14 02:17:00,8.75,9.3,10.75,91.1,100.0,0.0,SO,2101.0,0.0,0.0,0.0,0.0,2.4,Nublado
2025-04-14 02:22:00,8.5,9.3,10.75,91.1,100.0,0.0,SO,2047.0,0.0,0.0,0.0,0.0,2.4,Nublado
2025-04-14 02:27:00,8.5,9.4,10.82,91.4,100.0,0.0,SO,2077.0,0.0,0.0,0.0,0.0,2.4,Nublado
2025-04-14 02:32:00,8.5,9.3,10.75,91.4,100.0,0.0,SO,2146.0,0.0,0.0,0.0,0.0,2.4,Nublado
2025-04-14 02:37:00,8.5,9.1,10.6,91.1,100.0,0.0,SO,2109.0,0.0,0.0,0.0,0.0,2.4,Nublado
2025-04-14 02:42:00,8.5,9.0,10.52,91.2,100.0,0.0,SO,2091.0,0.0,0.0,0.0,0.0,2.4,Nublado
2025-04-14 02:47:00,8.25,8.8,10.37,91.2,100.0,0.0,SO,2107.0,0.0,0.0,0.0,0.0,2.4,Nublado
2025-04-14 02:52:00,8.0,9.0,10.52,91.8,100.0,0.0,SO,2112.0,0.0,0.0,0.0,0.0,2.4,Nublado
2025-04-14 02:57:00,8.0,8.9,10.44,91.6,100.0,0.0,SO,2134.0,0.0,0.0,0.0,0.0,2.4,Nublado
2025-04-14 03:02:00,8.0,8.7,10.29,91.1,100.0,0.0,SO,2146.0,0.0,0.0,0.0,0.0,2.4,Nublado
2025-04-14 03:07:00,8.0,8.8,10.37,91.6,100.0,0.0,SO,2155.0,0.0,0.0,0.0,0.0,2.4,Nublado
2025-04-14 03:12:00,8.0,8.6,10.22,91.2,100.0,0.0,SO,2085.0,0.0,0.0,0.0,0.0,2.4,Nublado
2025-04-14 03:17:00,8.0,9.0,10.52,92.2,100.0,0.0,SO,2034.0,0.0,0.0,0.0,0.0,2.4,Nublado
2025-04-14 03:22:00,8.25,9.1,10.6,91.7,100.0,0.0,SO,2077.0,0.0,0.0,0.0,0.0,2.4,Nublado
2025-04-14 03:27:00,8.25,9.1,10.6,91.5,100.0,0.0,SO,2125.0,0.0,0.0,0.0,0.0,2.4,Nublado
2025-04-14 03:32:00,8.25,9.1,10.6,91.2,100.0,0.0,SO,2096.0,0.0,0.0,0.0,0.0,2.4,Nublado
2025-04-14 03:37:00,8.25,8.6,10.22,90.3,100.0,0.0,SO,2027.0,0.0,0.0,0.0,0.0,2.4,Nublado
2025-04-14 03:42:00,8.25,8.3,9.99,90.6,100.0,0.0,SO,2132.0,0.0,0.0,0.0,0.0,2.4,Nublado
2025-04-14 03:47:00,8.0,8.5,10.14,91.5,100.0,0.0,SO,2123.0,0.0,0.0,0.0,0.0,2.4,Nublado
2025-04-14 03:52:00,8.0,8.7,10.29,91.7,100.0,0.0,SO,2086.0,0.0,0.0,0.0,0.0,2.4,Nublado
2025-04-14 03:57:00,8.25,8.8,10.37,91.7,100.0,0.0,SO,2109.0,0.0,0.0,0.0,0.0,2.4,Nublado
2025-04-14 04:02:00,8.0,8.8,10.37,91.4,100.0,0.0,SO,2101.0,0.0,0.0,0.0,0.0,2.4,Nublado
2025-04-14 04:07:00,8.0,8.4,10.06,91.1,100.0,0.0,SO,2044.0,0.0,0.0,0.0,0.0,2.4,Nublado
2025-04-14 04:12:00,8.0,8.1,9.84,91.0,100.0,0.0,SO,2082.0,0.0,0.0,0.0,0.0,2.4,Nublado
2025-04-14 04:17:00,7.75,8.3,9.99,92.2,100.0,0.0,SO,2135.0,0.0,0.0,0.0,0.0,2.4,Nublado
2025-04-14 04:22:00,7.5,8.6,10.22,92.1,100.0,0.0,SO,2038.0,0.0,0.0,0.0,0.0,2.4,Nublado
2025-04-14 04:27:00,7.75,8.7,10.29,92.1,100.0,0.0,SO,2082.0,0.0,0.0,0.0,0.0,2.4,Nublado
2025-04-14 04:32:00,7.75,8.6,10.22,91.7,100.0,0.0,SO,2101.0,0.0,0.0,0.0,0.0,2.4,Nublado
2025-04-14 04:37:00,7.75,8.5,10.14,91.5,100.0,0.0,SO,2108.0,0.0,0.0,0.0,0.0,2.4,Nublado
2025-04-14 04:42:00,7.75,8.5,10.14,91.4,100.0,0.0,SO,2035.0,0.0,0.0,0.0,0.0,2.4,Nublado
2025-04-14 04:47:00,7.75,8.6,10.22,91.7,100.0,0.0,SO,2179.0,0.0,0.0,0.0,0.0,2.4,Nublado
2025-04-14 04:52:00,7.75,8.6,10.22,91.4,100.0,0.0,SO,2000.0,0.0,0.0,0.0,0.0,2.4,Nublado
2025-04-14 04:57:00,7.75,8.5,10.14,91.2,100.0,0.0,SO,2103.0,0.0,0.0,0.0,0.0,2.4,Nublado
2025-04-14 05:02:00,7.75,8.7,10.29,91.4,100.0,0.0,SO,2121.0,0.0,0.0,0.0,0.0,2.4,Nublado
2025-04-14 05:07:00,7.75,8.7,10.29,91.2,100.0,0.0,SO,2037.0,0.0,0.0,0.0,0.0,2.4,Nublado
2025-04-14 05:12:00,8.0,8.7,10.29,91.2,100.0,0.0,SO,2144.0,0.0,0.0,0.0,0.0,2.4,Nublado
2025-04-14 05:17:00,8.0,8.0,9.76,89.6,100.0,0.0,SO,2119.0,0.0,0.0,0.0,0.0,2.4,Nublado
2025-04-14 05:22:00,7.75,7.8,9.61,90.1,100.0,0.0,SO,2122.0,0.0,0.0,0.0,0.0,2.4,Nublado
2025-04-14 05:27:00,7.5,7.8,9.61,90.7,100.0,0.0,SO,2042.0,0.0,0.0,0.0,0.0,2.4,Nublado
2025-04-14 05:32:00,7.25,8.0,9.76,91.2,100.0,0.0,SO,2160.0,0.0,0.0,0.0,0.0,2.4,Nublado
2025-04-14 05:37:00,7.25,8.0,9.76,91.3,100.0,0.0,SO,2098.0,0.0,0.0,0.0,0.0,2.4,Nublado
2025-04-14 05:42:00,7.25,8.1,9.84,91.5,100.0,0.0,SO,2114.0,0.0,0.0,5.0,0.04,2.4,Nublado
2025-04-14 05:47:00,7.25,8.1,9.84,91.3,100.0,0.0,SO,2099.0,0.0,0.0,15.0,0.12,2.4,Nublado
2025-04-14 05:52:00,7.25,8.1,9.84,91.5,100.0,0.0,SO,2116.0,0.0,0.0,35.0,0.28,2.4,Nublado
2025-04-14 05:57:00,7.25,8.2,9.91,91.4,100.0,0.0,SO,2064.0,0.0,0.0,78.0,0.62,2.4,Nublado
2025-04-14 06:02:00,7.5,8.3,9.99,91.5,100.0,0.0,SO,2071.0,0.0,0.0,142.0,1.12,2.4,Nublado
2025-04-14 06:07:00,7.5,8.2,9.91,91.1,100.0,0.0,SO,2103.0,0.0,0.0,236.0,1.86,2.4,Nublado
2025-04-14 06:12:00,7.5,8.1,9.84,91.0,100.0,0.0,SO,2097.0,0.0,0.0,358.0,2.83,2.4,Nublado
2025-04-14 06:17:00,7.75,8.3,9.99,91.3,100.0,0.0,SO,2030.0,0.0,0.0,512.0,4.04,2.4,Nublado
2025-04-14 06:22:00,8.0,8.5,10.14,91.2,100.0,0.0,SO,2078.0,0.0,0.0,698.0,5.51,2.4,Nublado
2025-04-14 06:27:00,8.25,8.7,10.29,91.3,100.0,0.0,SO,2108.0,0.0,0.0,925.0,7.31,2.4,Nublado
2025-04-14 06:32:00,8.5,8.8,10.37,90.7,100.0,0.0,SO,2047.0,0.0,0.0,1214.0,9.59,2.4,Nublado
2025-04-14 06:37:00,8.75,8.7,10.29,90.3,100.0,0.0,SO,2007.0,0.0,0.0,1568.0,12.39,2.4,Nublado
2025-04-14 06:42:00,9.25,8.9,10.44,90.6,100.0,0.0,SO,2091.0,0.0,0.0,2042.0,16.13,2.4,Nublado
2025-04-14 06:47:00,9.75,9.3,10.75,90.6,100.0,0.0,SO,2044.0,0.0,0.0,2584.0,20.41,2.4,Nublado
2025-04-14 06:52:00,10.25,9.7,11.05,90.1,100.0,0.0,SO,2092.0,0.0,0.0,3246.0,25.64,2.4,Nublado
2025-04-14 06:57:00,10.5,9.7,11.05,89.4,100.0,0.0,SO,2083.0,0.0,0.0,4058.0,32.06,2.4,Nublado
2025-04-14 07:02:00,10.75,9.8,11.13,89.4,100.0,0.0,SO,2129.0,0.0,0.0,5124.0,40.48,2.4,Nublado
2025-04-14 07:07:00,10.75,9.8,11.13,89.3,100.0,0.0,SO,2094.0,0.0,0.0,6387.0,50.46,2.4,Nublado
2025-04-14 07:12:00,10.75,9.8,11.13,89.5,100.0,0.0,SO,2099.0,0.0,0.0,7852.0,62.03,2.4,Nublado
2025-04-14 07:17:00,10.75,9.8,11.13,90.0,100.0,0.0,SO,2112.0,0.0,0.0,9584.0,75.71,2.4,Nublado
2025-04-14 07:22:00,11.0,9.9,11.2,89.7,100.0,0.0,SO,2074.0,0.0,0.0,11568.0,91.39,2.4,Nublado
2025-04-14 07:27:00,11.0,10.1,11.36,90.0,100.0,0.0,SO,2104.0,0.0,0.0,13786.0,108.92,2.4,Nublado
2025-04-14 07:32:00,11.25,10.5,11.66,90.0,100.0,0.0,SO,2029.0,0.0,0.0,16284.0,128.65,2.4,Nublado
2025-04-14 07:37:00,11.75,10.8,11.89,89.8,100.0,0.0,SO,2064.0,0.0,0.0,19075.0,150.69,2.4,Nublado
2025-04-14 07:42:00,12.25,11.3,12.27,88.9,100.0,0.0,SO,2067.0,0.0,0.0,22148.0,174.97,2.4,Nublado
2025-04-14 07:47:00,13.0,11.6,12.5,88.2,100.0,0.0,SO,2087.0,0.0,0.0,25487.0,201.35,2.4,Nublado
2025-04-14 07:52:00,13.25,11.7,12.57,88.0,100.0,0.0,SO,2075.0,0.0,0.0,29064.0,229.61,2.4,Nublado
2025-04-14 07:57:00,14.0,11.8,12.65,87.8,100.0,0.0,SO,2027.0,0.0,0.0,32875.0,259.73,2.4,Nublado
2025-04-14 08:02:00,14.25,12.3,13.03,87.0,100.0,0.0,SO,2093.0,0.0,0.0,36834.0,291.0,2.4,Nublado
2025-04-14 08:07:00,15.0,12.7,13.33,86.3,100.0,0.0,SO,2121.0,0.0,0.0,40976.0,323.71,2.49,Nublado
2025-04-14 08:12:00,15.75,13.3,13.79,84.9,100.0,0.0,SO,2150.0,0.0,0.0,45278.0,357.7,2.68,Nublado
2025-04-14 08:17:00,16.75,13.8,14.17,83.5,100.0,2.05,SO,2102.0,0.0,0.0,49645.0,392.19,2.85,Nublado
2025-04-14 08:22:00,17.75,14.2,14.47,79.7,100.0,2.21,SO,2151.0,0.0,0.0,53426.0,422.07,3.01,Nublado
2025-04-14 08:27:00,18.75,14.6,14.78,77.8,99.53,0.0,SO,2078.0,0.0,0.0,56784.0,448.59,3.13,Nublado
2025-04-14 08:32:00,19.5,15.3,15.31,76.0,97.08,0.0,SO,2142.0,0.0,0.0,59268.0,468.22,3.12,Nublado
2025-04-14 08:37:00,21.5,16.6,16.3,70.0,88.92,0.0,SO,2163.0,0.0,0.0,61487.0,485.75,2.75,Nublado
2025-04-14 08:42:00,25.5,17.9,17.28,66.9,84.7,0.0,SO,2089.0,0.0,0.0,63256.0,499.78,2.62,Despejado
2025-04-14 08:47:00,29.5,18.3,17.59,56.5,70.56,0.95,O,1648.0,0.0,0.0,64287.0,507.87,1.88,Despejado
2025-04-14 08:52:00,31.75,20.0,18.88,52.4,64.98,1.53,SO,2097.0,0.0,0.0,64986.0,513.39,1.65,Despejado
2025-04-14 08:57:00,34.5,20.3,19.11,49.9,61.58,1.56,SO,2065.0,0.0,0.0,65327.0,516.08,1.54,Despejado
2025-04-14 09:02:00,36.25,20.4,19.18,47.7,58.59,3.3,SO,2045.0,0.0,0.0,65482.0,517.31,1.54,Despejado
2025-04-14 09:07:00,37.75,20.2,19.03,48.4,59.54,4.86,SO,2112.0,0.0,0.0,65536.0,517.73,1.62,Despejado
2025-04-14 09:12:00,38.5,20.7,19.41,48.4,59.54,5.23,SO,2064.0,0.0,0.0,65536.0,517.73,1.7,Despejado
2025-04-14 09:17:00,39.0,21.0,19.64,48.3,59.41,1.42,SO,2093.0,0.0,0.0,65536.0,517.73,1.77,Despejado
2025-04-14 09:22:00,37.25,19.7,18.65,50.9,62.94,0.0,SO,2059.0,0.0,0.0,65536.0,517.73,2.02,Despejado
2025-04-14 09:27:00,36.5,21.1,19.72,46.5,56.96,4.39,SO,2162.0,0.0,0.0,65536.0,517.73,1.91,Despejado
2025-04-14 09:32:00,35.75,20.4,19.18,48.6,59.82,2.36,SO,2128.0,0.0,0.0,65536.0,517.73,1.97,Despejado
2025-04-14 09:37:00,35.0,21.8,20.25,46.3,56.69,0.0,SO,2059.0,0.0,0.0,65536.0,517.73,2.03,Despejado
2025-04-14 09:42:00,36.5,21.2,19.79,46.1,56.42,2.98,E,4095.0,0.0,0.0,65536.0,517.73,2.08,Despejado
2025-04-14 09:47:00,36.0,21.1,19.72,45.8,56.01,6.83,E,4095.0,0.0,0.0,65536.0,517.73,2.13,Despejado
2025-04-14 09:52:00,36.0,20.2,19.03,49.7,61.31,2.73,E,4095.0,0.0,0.0,65536.0,517.73,2.26,Despejado
2025-04-14 09:57:00,34.0,20.2,19.03,49.1,60.5,6.51,O,1680.0,0.0,0.0,65536.0,517.73,2.26,Despejado
2025-04-14 10:02:00,34.0,22.1,20.48,45.2,55.19,0.0,O,1685.0,0.0,0.0,65536.0,517.73,2.27,Despejado
2025-04-14 10:07:00,36.5,22.0,20.4,45.9,56.14,4.58,Desconocido,3807.0,0.0,0.0,65536.0,517.73,2.31,Despejado
2025-04-14 10:12:00,39.5,22.9,21.08,44.7,54.51,3.33,Desconocido,3802.0,0.0,0.0,65536.0,517.73,2.35,Despejado
2025-04-14 10:17:00,41.5,22.8,21.01,44.8,54.65,6.37,Desconocido,3845.0,0.0,0.0,65536.0,517.73,2.38,Despejado
2025-04-14 10:22:00,40.5,21.7,20.17,47.4,58.18,1.32,Desconocido,2787.0,0.0,0.0,65536.0,517.73,2.41,Despejado
2025-04-14 10:27:00,37.5,21.8,20.25,48.9,60.22,0.0,Desconocido,3904.0,0.0,0.0,65536.0,517.73,2.46,Despejado
2025-04-14 10:32:00,38.0,22.6,20.86,46.7,57.23,0.0,Desconocido,2778.0,0.0,0.0,65536.0,517.73,2.47,Despejado
2025-04-14 10:37:00,40.0,23.6,21.62,43.0,52.2,8.61,Desconocido,2850.0,0.0,0.0,65536.0,517.73,2.5,Despejado
2025-04-14 10:42:00,41.75,23.3,21.39,42.2,51.11,5.23,E,4095.0,0.0,0.0,65536.0,517.73,2.52,Despejado
2025-04-14 10:47:00,42.5,23.2,21.31,44.1,53.7,4.34,E,3968.0,0.0,0.0,65536.0,517.73,2.55,Despejado
2025-04-14 10:52:00,43.0,23.7,21.69,42.4,51.38,2.28,Desconocido,2864.0,0.0,0.0,65536.0,517.73,2.57,Despejado
2025-04-14 10:57:00,43.75,23.6,21.62,42.7,51.79,2.99,E,4095.0,0.0,0.0,65536.0,517.73,2.59,Despejado
2025-04-14 11:02:00,43.5,22.6,20.86,44.3,53.97,2.59,Desconocido,2784.0,0.0,0.0,65536.0,517.73,2.61,Despejado
2025-04-14 11:07:00,43.0,23.8,21.77,43.8,53.29,2.42,Desconocido,3855.0,0.0,0.0,65536.0,517.73,2.62,Despejado
2025-04-14 11:12:00,42.0,23.1,21.24,42.3,51.25,7.22,E,4095.0,0.0,0.0,65536.0,517.73,2.64,Despejado
2025-04-14 11:17:00,41.25,20.9,19.56,46.8,57.37,7.74,Desconocido,2785.0,0.0,0.0,65536.0,517.73,2.65,Despejado
2025-04-14 11:22:00,38.0,21.1,19.72,45.3,55.33,8.24,E,4095.0,0.0,0.0,65536.0,517.73,2.66,Despejado
2025-04-14 11:27:00,37.0,23.4,21.46,41.0,49.48,14.94,NO,1471.0,0.0,0.0,65536.0,517.73,2.67,Despejado
2025-04-14 11:32:00,37.0,22.4,20.7,43.1,52.34,0.0,Desconocido,3872.0,0.0,0.0,65536.0,517.73,2.68,Despejado
2025-04-14 11:37:00,36.5,21.6,20.1,44.3,53.97,3.74,O,1639.0,0.0,0.0,65536.0,517.73,2.69,Despejado
2025-04-14 11:42:00,37.25,22.8,21.01,41.9,50.7,4.89,Desconocido,2817.0,0.0,0.0,65536.0,517.73,2.69,Despejado
2025-04-14 11:47:00,38.25,23.4,21.46,42.7,51.79,5.82,NO,668.0,0.0,0.0,65536.0,517.73,2.7,Despejado
2025-04-14 11:52:00,39.25,22.8,21.01,44.0,53.56,7.25,NO,666.0,0.0,0.0,65536.0,517.73,2.7,Despejado
2025-04-14 11:57:00,38.0,22.7,20.93,43.4,52.74,10.84,E,4095.0,0.0,0.0,65536.0,517.73,2.7,Despejado
2025-04-14 12:02:00,36.5,21.7,20.17,46.1,56.42,4.11,N,718.0,0.0,0.0,65536.0,517.73,2.7,Despejado
2025-04-14 12:07:00,35.5,23.5,21.54,42.1,50.98,5.08,Desconocido,3820.0,0.0,0.0,65536.0,517.73,2.7,Despejado
2025-04-14 12:12:00,37.5,24.6,22.38,38.6,46.22,6.49,E,4095.0,0.0,0.0,65536.0,517.73,2.7,Despejado
2025-04-14 12:17:00,38.5,24.9,22.6,37.9,45.26,2.05,E,4095.0,0.0,0.0,65536.0,517.73,2.69,Despejado
2025-04-14 12:22:00,41.0,26.4,23.74,36.1,42.82,0.0,E,4095.0,0.0,0.0,65536.0,517.73,2.69,Despejado
2025-04-14 12:27:00,43.25,24.9,22.6,37.7,44.99,13.12,E,4095.0,0.0,0.0,65536.0,517.73,2.68,Despejado
2025-04-14 12:32:00,44.0,25.0,22.68,36.8,43.77,3.58,Desconocido,3809.0,0.0,0.0,65536.0,517.73,2.67,Despejado
2025-04-14 12:37:00,42.0,22.9,21.08,40.1,48.26,1.95,E,4000.0,0.0,0.0,65536.0,517.73,2.66,Despejado
2025-04-14 12:42:00,38.5,22.3,20.63,42.7,51.79,0.0,E,4095.0,0.0,0.0,65536.0,517.73,2.65,Despejado
2025-04-14 12:47:00,35.25,22.8,21.01,39.2,47.03,3.33,E,4095.0,0.0,0.0,65536.0,517.73,2.64,Despejado
2025-04-14 12:52:00,34.75,23.0,21.16,41.5,50.16,0.0,E,4095.0,0.0,0.0,65536.0,517.73,2.62,Despejado
2025-04-14 12:57:00,33.75,22.7,20.93,40.0,48.12,2.39,E,4095.0,0.0,0.0,65536.0,517.73,2.61,Despejado
2025-04-14 13:02:00,33.0,22.5,20.78,41.3,49.89,5.05,S,2590.0,0.0,0.0,65536.0,517.73,2.59,Despejado
2025-04-14 13:07:00,31.75,22.0,20.4,41.8,50.57,6.08,SO,2158.0,0.0,0.0,65536.0,517.73,2.57,Despejado
2025-04-14 13:12:00,31.5,22.7,20.93,39.6,47.58,2.08,E,4095.0,0.0,0.0,65536.0,517.73,2.55,Despejado
2025-04-14 13:17:00,34.75,25.2,22.83,35.3,41.73,0.95,Desconocido,2815.0,0.0,0.0,65536.0,517.73,2.53,Despejado
2025-04-14 13:22:00,39.75,26.2,23.59,35.3,41.73,4.87,Desconocido,2774.0,0.0,0.0,65536.0,517.73,2.5,Despejado
2025-04-14 13:27:00,43.0,25.1,22.76,36.0,42.68,0.0,E,4095.0,0.0,0.0,65536.0,517.73,2.48,Despejado
2025-04-14 13:32:00,44.75,25.9,23.36,34.0,39.96,4.86,E,4095.0,0.0,0.0,65536.0,517.73,2.45,Despejado
2025-04-14 13:37:00,45.75,24.7,22.45,36.8,43.77,4.2,E,4095.0,0.0,0.0,65536.0,517.73,2.42,Despejado
2025-04-14 13:42:00,43.75,24.6,22.38,37.5,44.72,4.87,Desconocido,3732.0,0.0,0.0,65536.0,517.73,2.39,Despejado
2025-04-14 13:47:00,40.25,23.4,21.46,37.8,45.13,14.89,Desconocido,2797.0,0.0,0.0,65536.0,517.73,2.35,Despejado
2025-04-14 13:52:00,36.5,22.6,20.86,40.3,48.53,4.25,Desconocido,2870.0,0.0,0.0,65536.0,517.73,2.32,Despejado
2025-04-14 13:57:00,33.75,22.7,20.93,38.5,46.08,1.56,Desconocido,2666.0,0.0,0.0,65536.0,517.73,2.28,Despejado
2025-04-14 14:02:00,32.0,22.5,20.78,39.7,47.71,4.26,Desconocido,2801.0,0.0,0.0,65536.0,517.73,2.24,Despejado
2025-04-14 14:07:00,31.25,23.5,21.54,38.5,46.08,0.0,E,4095.0,0.0,0.0,65536.0,517.73,2.19,Despejado
2025-04-14 14:12:00,35.0,25.6,23.14,34.4,40.5,0.0,E,4095.0,0.0,0.0,65536.0,517.73,2.14,Despejado
2025-04-14 14:17:00,39.5,25.0,22.68,33.9,39.82,5.28,E,4095.0,0.0,0.0,65536.0,517.73,2.09,Despejado
2025-04-14 14:22:00,40.0,25.2,22.83,35.1,41.46,4.99,Desconocido,3824.0,0.0,0.0,65536.0,517.73,2.04,Despejado
2025-04-14 14:27:00,41.0,24.7,22.45,36.1,42.82,5.24,Desconocido,3855.0,0.0,0.0,65536.0,517.73,1.98,Despejado
2025-04-14 14:32:00,39.0,24.6,22.38,44.3,53.97,0.0,Desconocido,3900.0,0.0,0.0,65536.0,517.73,1.92,Despejado
2025-04-14 14:37:00,39.5,23.3,21.39,51.6,63.9,10.76,O,1696.0,0.0,0.0,65536.0,517.73,2.09,Despejado
2025-04-14 14:42:00,38.75,23.1,21.24,42.9,52.06,4.0,O,1655.0,0.0,0.0,65536.0,517.73,1.79,Despejado
2025-04-14 14:47:00,36.25,22.8,21.01,40.5,48.8,0.0,O,1653.0,0.0,0.0,65536.0,517.73,1.71,Despejado
2025-04-14 14:52:00,33.5,23.6,21.62,44.3,53.97,2.21,O,1681.0,0.0,0.0,65536.0,517.73,1.64,Despejado
2025-04-14 14:57:00,35.75,24.6,22.38,40.7,49.07,0.0,O,1665.0,0.0,0.0,65536.0,517.73,1.55,Despejado
2025-04-14 15:02:00,38.25,23.4,21.46,56.6,70.7,2.67,SO,2064.0,0.0,0.0,64875.0,512.52,2.11,Despejado
2025-04-14 15:07:00,36.5,21.2,19.79,63.5,80.08,1.17,SO,2111.0,0.0,0.0,63285.0,499.95,2.57,Despejado
2025-04-14 15:12:00,33.0,21.4,19.94,45.8,56.01,3.67,SO,2070.0,0.0,0.0,61476.0,485.66,1.27,Despejado
2025-04-14 15:17:00,30.25,22.0,20.4,40.3,48.53,0.0,SO,2099.0,0.0,0.0,59784.0,472.3,1.16,Despejado
2025-04-14 15:22:00,30.5,22.8,21.01,54.0,67.16,4.26,SO,2079.0,0.0,0.0,57835.0,456.92,1.47,Despejado
2025-04-14 15:27:00,31.5,21.0,19.64,57.2,71.51,0.0,SO,2112.0,0.0,0.0,55472.0,438.2,1.61,Despejado
2025-04-14 15:32:00,30.0,20.4,19.18,61.4,77.22,14.05,SO,2110.0,0.0,0.0,52874.0,417.71,1.82,Despejado
2025-04-14 15:37:00,28.0,20.7,19.41,63.3,79.81,0.0,SO,2071.0,0.0,0.0,49875.0,394.0,1.83,Despejado
2025-04-14 15:42:00,27.75,21.9,20.32,60.3,75.73,6.22,SO,2086.0,0.0,0.0,46923.0,370.77,1.42,Despejado
2025-04-14 15:47:00,30.5,22.2,20.55,61.4,77.22,17.56,SO,2096.0,0.0,0.0,43765.0,345.83,1.35,Despejado
2025-04-14 15:52:00,32.25,21.8,20.25,53.1,65.94,4.87,SO,2089.0,0.0,0.0,40246.0,317.94,0.48,Despejado
2025-04-14 15:57:00,32.25,22.7,20.93,56.9,71.1,0.0,SO,2070.0,0.0,0.0,36874.0,291.31,0.67,Despejado
2025-04-14 16:02:00,31.5,21.2,19.79,59.8,75.05,5.06,SO,2114.0,0.0,0.0,33485.0,264.53,0.9,Despejado
2025-04-14 16:07:00,29.75,21.8,20.25,56.7,70.83,10.93,SO,2059.0,0.0,0.0,30246.0,238.94,0.65,Despejado
2025-04-14 16:12:00,31.0,22.8,21.01,47.6,58.46,0.0,SO,2099.0,0.0,0.0,27184.0,214.76,0.0,Despejado
2025-04-14 16:17:00,31.5,22.2,20.55,48.6,59.82,14.89,Desconocido,0.0,0.0,0.0,24357.0,192.42,0.0,Despejado
2025-04-14 16:22:00,30.0,22.2,20.55,49.7,61.31,0.0,O,1700.0,0.0,0.0,21475.0,169.65,0.08,Despejado
2025-04-14 16:27:00,29.0,22.2,20.55,50.5,62.4,0.0,O,1667.0,0.0,0.0,18462.0,145.85,0.14,Despejado
2025-04-14 16:32:00,30.0,23.4,21.46,44.8,54.65,0.0,O,1734.0,0.0,0.0,15784.0,124.7,0.0,Despejado
2025-04-14 16:37:00,31.25,22.9,21.08,37.7,44.99,4.69,O,1727.0,0.0,0.0,13426.0,106.07,0.0,Despejado
2025-04-14 16:42:00,31.25,23.8,21.77,38.1,45.54,0.0,O,1650.0,0.0,0.0,11246.0,88.85,0.0,Despejado
2025-04-14 16:47:00,32.5,24.7,22.45,36.8,43.77,1.77,O,1631.0,0.0,0.0,9372.0,74.04,0.0,Despejado
2025-04-14 16:52:00,33.5,24.7,22.45,40.9,49.34,0.0,O,1677.0,0.0,0.0,7485.0,59.13,0.0,Despejado
2025-04-14 16:57:00,33.75,24.4,22.22,40.2,48.39,0.0,O,1731.0,0.0,0.0,5846.0,46.19,0.0,Despejado
2025-04-14 17:02:00,33.75,24.1,22.0,45.9,56.14,3.89,O,1682.0,0.0,0.0,4387.0,34.66,0.0,Despejado
2025-04-14 17:07:00,33.25,23.7,21.69,47.9,58.86,0.0,O,1686.0,0.0,0.0,3248.0,25.66,0.0,Despejado
2025-04-14 17:12:00,32.75,23.7,21.69,45.4,55.46,0.0,O,1747.0,0.0,0.0,2347.0,18.54,0.0,Despejado
2025-04-14 17:17:00,32.75,24.1,22.0,38.1,45.54,0.0,O,1646.0,0.0,0.0,1658.0,13.1,0.0,Despejado
2025-04-14 17:22:00,32.25,23.2,21.31,37.4,44.58,2.07,O,1662.0,0.0,0.0,1142.0,9.02,0.0,Despejado
2025-04-14 17:27:00,31.0,22.7,20.93,38.9,46.62,6.23,O,1669.0,0.0,0.0,768.0,6.07,0.0,Despejado
2025-04-14 17:32:00,29.75,22.7,20.93,39.4,47.3,3.58,O,1674.0,0.0,0.0,497.0,3.93,0.0,Despejado
2025-04-14 17:37:00,28.5,22.4,20.7,38.7,46.35,0.0,O,1615.0,0.0,0.0,312.0,2.47,0.0,Despejado
2025-04-14 17:42:00,27.5,22.1,20.48,41.1,49.62,2.06,O,1675.0,0.0,0.0,185.0,1.46,0.0,Despejado
2025-04-14 17:47:00,26.25,20.5,19.26,53.7,66.75,0.0,O,1630.0,0.0,0.0,102.0,0.81,0.41,Despejado
2025-04-14 17:52:00,24.0,18.1,17.44,74.2,94.63,4.53,O,1664.0,0.0,0.0,53.0,0.42,2.08,Nublado
2025-04-14 17:57:00,21.5,17.1,16.68,81.0,100.0,4.42,O,1616.0,0.0,0.0,24.0,0.19,2.4,Nublado
2025-04-14 18:02:00,19.75,16.8,16.45,83.1,100.0,4.55,O,1631.0,0.0,0.0,9.0,0.07,2.4,Nublado
2025-04-14 18:07:00,18.5,16.4,16.14,84.9,100.0,5.9,O,1723.0,0.0,0.0,2.0,0.02,2.4,Nublado
2025-04-14 18:12:00,17.5,16.4,16.14,85.3,100.0,0.0,O,1635.0,0.0,0.0,0.0,0.0,2.4,Nublado
2025-04-14 18:17:00,16.75,16.2,15.99,85.1,100.0,0.0,O,1625.0,0.0,0.0,0.0,0.0,2.4,Nublado
2025-04-14 18:22:00,16.25,16.0,15.84,85.6,100.0,0.0,O,1662.0,0.0,0.0,0.0,0.0,2.4,Nublado
2025-04-14 18:27:00,15.75,15.8,15.69,86.4,100.0,0.0,O,1618.0,0.0,0.0,0.0,0.0,2.4,Nublado
2025-04-14 18:32:00,15.5,15.8,15.69,87.3,100.0,0.0,O,1689.0,0.0,0.0,0.0,0.0,2.4,Nublado
2025-04-14 18:37:00,15.25,15.7,15.61,87.9,100.0,0.0,O,1627.0,0.0,0.0,0.0,0.0,2.4,Nublado
2025-04-14 18:42:00,15.25,15.8,15.69,88.5,100.0,6.02,O,1683.0,0.0,0.0,0.0,0.0,2.4,Nublado
2025-04-14 18:47:00,15.25,15.7,15.61,88.2,100.0,4.47,O,1664.0,0.0,0.0,0.0,0.0,2.4,Nublado
2025-04-14 18:52:00,15.25,15.4,15.38,88.0,100.0,0.0,O,1663.0,0.0,0.0,0.0,0.0,2.4,Nublado
2025-04-14 18:57:00,15.0,15.2,15.23,88.8,100.0,0.0,O,1718.0,0.0,0.0,0.0,0.0,2.4,Nublado
2025-04-14 19:02:00,14.75,15.0,15.08,89.3,100.0,0.0,O,1735.0,0.0,0.0,0.0,0.0,2.4,Nublado
2025-04-14 19:07:00,14.5,14.9,15.0,89.8,100.0,0.0,O,1671.0,0.0,0.0,0.0,0.0,2.4,Nublado
2025-04-14 19:12:00,14.5,14.8,14.93,89.8,100.0,0.0,O,1681.0,0.0,0.0,0.0,0.0,2.4,Nublado
2025-04-14 19:17:00,14.25,14.8,14.93,90.3,100.0,0.0,O,1726.0,0.0,0.0,0.0,0.0,2.4,Nublado
2025-04-14 19:22:00,14.25,15.0,15.08,90.4,100.0,0.0,O,1619.0,0.0,0.0,0.0,0.0,2.4,Nublado
2025-04-14 19:27:00,14.25,15.0,15.08,89.5,100.0,0.0,O,1697.0,0.0,0.0,0.0,0.0,2.4,Nublado
2025-04-14 19:32:00,14.25,14.7,14.85,89.1,100.0,0.0,O,1632.0,0.0,0.0,0.0,0.0,2.4,Nublado
2025-04-14 19:37:00,14.25,14.6,14.78,89.1,100.0,0.0,O,1670.0,0.0,0.0,0.0,0.0,2.4,Nublado
2025-04-14 19:42:00,14.0,14.6,14.78,89.6,100.0,0.0,O,1606.0,0.0,0.0,0.0,0.0,2.4,Nublado
2025-04-14 19:47:00,14.0,14.5,14.7,89.5,100.0,0.0,O,1649.0,0.0,0.0,0.0,0.0,2.4,Nublado
2025-04-14 19:52:00,14.0,14.4,14.62,89.8,100.0,0.0,O,1616.0,0.0,0.0,0.0,0.0,2.4,Nublado
2025-04-14 19:57:00,14.0,14.2,14.47,89.3,100.0,0.0,O,1706.0,0.0,0.0,0.0,0.0,2.4,Nublado
2025-04-14 20:02:00,13.75,14.3,14.55,88.8,100.0,0.0,O,1689.0,0.0,0.0,0.0,0.0,2.4,Nublado
2025-04-14 20:07:00,13.75,14.3,14.55,87.8,100.0,0.0,O,1678.0,0.0,0.0,0.0,0.0,2.4,Nublado
2025-04-14 20:12:00,13.75,14.1,14.4,87.5,100.0,0.0,O,1717.0,0.0,0.0,0.0,0.0,2.4,Nublado
2025-04-14 20:17:00,13.75,14.0,14.32,88.3,100.0,0.0,O,1662.0,0.0,0.0,0.0,0.0,2.4,Nublado
2025-04-14 20:22:00,13.75,14.0,14.32,88.7,100.0,0.0,O,1691.0,0.0,0.0,0.0,0.0,2.4,Nublado
2025-04-14 20:27:00,13.5,14.1,14.4,89.2,100.0,0.0,O,1723.0,0.0,0.0,0.0,0.0,2.4,Nublado
2025-04-14 20:32:00,13.5,14.2,14.47,88.4,100.0,0.0,O,1602.0,0.0,0.0,0.0,0.0,2.4,Nublado
2025-04-14 20:37:00,13.75,14.2,14.47,87.3,100.0,0.0,O,1648.0,0.0,0.0,0.0,0.0,2.4,Nublado
2025-04-14 20:42:00,13.5,14.1,14.4,86.8,100.0,0.0,NO,1595.0,0.0,0.0,0.0,0.0,2.4,Nublado
2025-04-14 20:47:00,13.5,13.8,14.17,86.5,100.0,0.0,O,1680.0,0.0,0.0,0.0,0.0,2.4,Nublado
2025-04-14 20:52:00,13.5,13.6,14.02,87.3,100.0,0.0,O,1714.0,0.0,0.0,0.0,0.0,2.4,Nublado
2025-04-14 20:57:00,13.25,13.5,13.94,88.2,100.0,0.0,O,1707.0,0.0,0.0,0.0,0.0,2.4,Nublado
2025-04-14 21:02:00,13.25,13.6,14.02,88.7,100.0,0.0,SO,1767.0,0.0,0.0,0.0,0.0,2.4,Nublado
2025-04-14 21:07:00,13.25,13.4,13.86,88.5,100.0,0.0,O,1693.0,0.0,0.0,0.0,0.0,2.4,Nublado
2025-04-14 21:12:00,13.0,13.4,13.86,89.7,100.0,0.0,O,1653.0,0.0,0.0,0.0,0.0,2.4,Nublado
2025-04-14 21:17:00,13.0,13.4,13.86,89.7,100.0,0.0,O,1743.0,0.0,0.0,0.0,0.0,2.4,Nublado
2025-04-14 21:22:00,13.0,13.4,13.86,88.8,100.0,0.0,O,1670.0,0.0,0.0,0.0,0.0,2.4,Nublado
2025-04-14 21:27:00,13.0,13.3,13.79,88.7,100.0,0.0,O,1629.0,0.0,0.0,0.0,0.0,2.4,Nublado
2025-04-14 21:32:00,12.75,13.2,13.71,88.9,100.0,0.0,O,1615.0,0.0,0.0,0.0,0.0,2.4,Nublado
2025-04-14 21:37:00,12.75,13.3,13.79,89.4,100.0,0.0,O,1675.0,0.0,0.0,0.0,0.0,2.4,Nublado
2025-04-14 21:42:00,12.75,13.4,13.86,88.6,100.0,0.0,O,1642.0,0.0,0.0,0.0,0.0,2.4,Nublado
2025-04-14 21:47:00,13.0,13.4,13.86,88.1,100.0,0.0,O,1618.0,0.0,0.0,0.0,0.0,2.4,Nublado
2025-04-14 21:52:00,13.0,13.4,13.86,87.5,100.0,0.0,O,1712.0,0.0,0.0,0.0,0.0,2.4,Nublado
2025-04-14 21:57:00,13.0,13.1,13.64,87.8,100.0,0.0,O,1696.0,0.0,0.0,0.0,0.0,2.4,Nublado
2025-04-14 22:02:00,12.75,12.9,13.48,88.8,100.0,0.0,O,1713.0,0.0,0.0,0.0,0.0,2.4,Nublado
2025-04-14 22:07:00,12.5,12.7,13.33,88.9,100.0,0.0,O,1643.0,0.0,0.0,0.0,0.0,2.4,Nublado
2025-04-14 22:12:00,12.5,13.0,13.56,90.5,100.0,0.0,O,1662.0,0.0,0.0,0.0,0.0,2.4,Nublado
2025-04-14 22:17:00,12.5,13.1,13.64,89.7,100.0,0.0,O,1607.0,0.0,0.0,0.0,0.0,2.4,Nublado
2025-04-14 22:22:00,12.75,13.1,13.64,89.1,100.0,0.0,O,1646.0,0.0,0.0,0.0,0.0,2.4,Nublado
2025-04-14 22:27:00,12.75,13.0,13.56,89.0,100.0,0.0,O,1630.0,0.0,0.0,0.0,0.0,2.4,Nublado
2025-04-14 22:32:00,13.0,13.1,13.64,89.1,100.0,0.0,O,1600.0,0.0,0.0,0.0,0.0,2.4,Nublado
2025-04-14 22:37:00,13.0,13.3,13.79,88.8,100.0,0.0,O,1712.0,0.0,0.0,0.0,0.0,2.4,Nublado
2025-04-14 22:42:00,13.25,13.3,13.79,88.4,100.0,0.0,O,1699.0,0.0,0.0,0.0,0.0,2.4,Nublado
2025-04-14 22:47:00,13.0,13.2,13.71,88.0,100.0,0.0,O,1648.0,0.0,0.0,0.0,0.0,2.4,Nublado
2025-04-14 22:52:00,13.0,13.0,13.56,88.8,100.0,0.0,O,1703.0,0.0,0.0,0.0,0.0,2.4,Nublado
2025-04-14 22:57:00,13.0,12.9,13.48,89.7,100.0,0.0,O,1693.0,0.0,0.0,0.0,0.0,2.4,Nublado
2025-04-14 23:02:00,13.0,12.9,13.48,90.0,100.0,0.0,O,1651.0,0.0,0.0,0.0,0.0,2.4,Nublado
2025-04-14 23:07:00,12.75,12.9,13.48,90.5,100.0,0.0,O,1647.0,0.0,0.0,0.0,0.0,2.4,Nublado
2025-04-14 23:12:00,13.0,13.2,13.71,91.4,100.0,0.0,O,1626.0,0.0,0.0,0.0,0.0,2.4,Nublado
2025-04-14 23:17:00,13.25,13.7,14.09,91.0,100.0,0.0,O,1680.0,0.0,0.0,0.0,0.0,2.4,Nublado
2025-04-14 23:22:00,13.25,13.8,14.17,89.7,100.0,0.0,O,1697.0,0.0,0.0,0.0,0.0,2.4,Nublado
2025-04-14 23:27:00,13.5,13.6,14.02,88.4,100.0,0.0,O,1710.0,0.0,0.0,0.0,0.0,2.4,Nublado
2025-04-14 23:32:00,13.5,13.4,13.86,88.0,100.0,0.0,O,1648.0,0.0,0.0,0.0,0.0,2.4,Nublado
2025-04-14 23:37:00,13.5,13.3,13.79,89.2,100.0,0.0,O,1650.0,0.0,0.0,0.0,0.0,2.4,Nublado
2025-04-14 23:42:00,13.5,13.2,13.71,89.8,100.0,0.0,O,1724.0,0.0,0.0,0.0,0.0,2.4,Nublado
2025-04-14 23:47:00,13.5,13.2,13.71,90.5,100.0,0.0,O,1629.0,0.0,0.0,0.0,0.0,2.4,Nublado
2025-04-14 23:52:00,13.5,13.4,13.86,90.7,100.0,0.0,NO,1594.0,0.0,0.0,0.0,0.0,2.4,Nublado
2025-04-14 23:57:00,13.5,13.4,13.86,90.1,100.0,0.0,O,1692.0,0.0,0.0,0.0,0.0,2.4,Nublado
2025-04-15 00:02:00,13.5,13.2,13.71,89.9,100.0,0.0,O,1709.0,0.0,0.0,0.0,0.0,2.4,Nublado
2025-04-15 00:07:00,13.5,13.1,13.64,90.2,100.0,0.0,O,1649.0,0.0,0.0,0.0,0.0,2.4,Nublado
2025-04-15 00:12:00,13.25,13.0,13.56,90.4,100.0,0.0,O,1619.0,0.0,0.0,0.0,0.0,2.4,Nublado
2025-04-15 00:17:00,13.25,13.0,13.56,90.7,100.0,0.0,O,1701.0,0.0,0.0,0.0,0.0,2.4,Nublado
2025-04-15 00:22:00,13.25,13.0,13.56,91.0,100.0,0.0,O,1681.0,0.0,0.0,0.0,0.0,2.4,Nublado
2025-04-15 00:27:00,13.25,12.9,13.48,91.0,100.0,0.0,O,1680.0,0.0,0.0,0.0,0.0,2.4,Nublado
2025-04-15 00:32:00,13.0,13.0,13.56,91.4,100.0,0.0,O,1687.0,0.0,0.0,0.0,0.0,2.4,Nublado
2025-04-15 00:37:00,13.0,13.0,13.56,91.1,100.0,0.0,O,1680.0,0.0,0.0,0.0,0.0,2.4,Nublado
2025-04-15 00:43:00,13.0,12.9,13.48,91.1,100.0,0.0,O,1649.0,0.0,0.0,0.0,0.0,2.4,Nublado
2025-04-15 00:48:00,12.75,12.9,13.48,91.2,100.0,0.0,O,1660.0,0.0,0.0,0.0,0.0,2.4,Nublado
2025-04-15 00:53:00,12.75,12.9,13.48,91.3,100.0,0.0,O,1632.0,0.0,0.0,0.0,0.0,2.4,Nublado
2025-04-15 00:58:00,12.5,12.8,13.41,91.0,100.0,0.0,O,1653.0,0.0,0.0,0.0,0.0,2.4,Nublado
2025-04-15 01:03:00,12.5,12.6,13.26,90.8,100.0,0.0,O,1631.0,0.0,0.0,0.0,0.0,2.4,Nublado
2025-04-15 01:08:00,12.5,12.5,13.18,91.1,100.0,0.0,O,1681.0,0.0,0.0,0.0,0.0,2.4,Nublado
2025-04-15 01:13:00,12.25,12.7,13.33,91.9,100.0,0.0,O,1645.0,0.0,0.0,0.0,0.0,2.4,Nublado
2025-04-15 01:18:00,12.25,12.7,13.33,91.5,100.0,0.0,O,1680.0,0.0,0.0,0.0,0.0,2.4,Nublado
2025-04-15 01:23:00,12.0,12.7,13.33,91.9,100.0,0.0,O,1621.0,0.0,0.0,0.0,0.0,2.4,Nublado
2025-04-15 01:28:00,12.0,12.3,13.03,90.9,100.0,0.0,NO,1535.0,0.0,0.0,0.0,0.0,2.4,Nublado
2025-04-15 01:33:00,12.0,12.3,13.03,91.6,100.0,0.0,O,1680.0,0.0,0.0,0.0,0.0,2.4,Nublado
2025-04-15 01:38:00,12.25,12.5,13.18,92.0,100.0,0.0,O,1677.0,0.0,0.0,0.0,0.0,2.4,Nublado
2025-04-15 01:43:00,12.25,12.7,13.33,92.3,100.0,0.0,O,1639.0,0.0,0.0,0.0,0.0,2.4,Nublado
2025-04-15 01:48:00,12.25,12.6,13.26,91.8,100.0,0.0,O,1622.0,0.0,0.0,0.0,0.0,2.4,Nublado
2025-04-15 01:53:00,12.25,12.6,13.26,91.7,100.0,0.0,O,1712.0,0.0,0.0,0.0,0.0,2.4,Nublado
2025-04-15 01:58:00,12.5,12.8,13.41,92.1,100.0,0.0,O,1607.0,0.0,0.0,0.0,0.0,2.4,Nublado
2025-04-15 02:03:00,12.5,12.8,13.41,91.8,100.0,0.0,O,1674.0,0.0,0.0,0.0,0.0,2.4,Nublado
2025-04-15 02:08:00,12.5,12.9,13.48,91.5,100.0,0.0,O,1660.0,0.0,0.0,0.0,0.0,2.4,Nublado
2025-04-15 02:13:00,12.5,12.8,13.41,90.8,100.0,0.0,O,1701.0,0.0,0.0,0.0,0.0,2.4,Nublado
2025-04-15 02:18:00,12.5,13.0,13.56,90.5,100.0,0.0,O,1674.0,0.0,0.0,0.0,0.0,2.4,Nublado
2025-04-15 02:23:00,12.5,12.9,13.48,89.5,100.0,0.0,O,1665.0,0.0,0.0,0.0,0.0,2.4,Nublado
2025-04-15 02:28:00,12.25,12.6,13.26,89.1,100.0,0.0,O,1665.0,0.0,0.0,0.0,0.0,2.4,Nublado
2025-04-15 02:33:00,12.25,12.5,13.18,89.0,100.0,0.0,O,1643.0,0.0,0.0,0.0,0.0,2.4,Nublado
2025-04-15 02:38:00,12.25,12.4,13.1,89.6,100.0,0.0,O,1680.0,0.0,0.0,0.0,0.0,2.4,Nublado
2025-04-15 02:43:00,12.0,12.3,13.03,89.4,100.0,0.0,O,1669.0,0.0,0.0,0.0,0.0,2.4,Nublado
2025-04-15 02:48:00,11.75,12.1,12.88,89.5,100.0,0.0,O,1662.0,0.0,0.0,0.0,0.0,2.4,Nublado
2025-04-15 02:53:00,11.75,12.0,12.8,89.4,100.0,0.0,O,1649.0,0.0,0.0,0.0,0.0,2.4,Nublado
2025-04-15 02:58:00,11.5,12.1,12.88,90.2,100.0,0.0,O,1648.0,0.0,0.0,0.0,0.0,2.4,Nublado
2025-04-15 03:03:00,11.5,12.2,12.95,89.6,100.0,0.0,O,1687.0,0.0,0.0,0.0,0.0,2.4,Nublado
2025-04-15 03:08:00,11.5,12.0,12.8,89.3,100.0,0.0,O,1657.0,0.0,0.0,0.0,0.0,2.4,Nublado
2025-04-15 03:13:00,11.5,11.9,12.72,89.1,100.0,0.0,O,1619.0,0.0,0.0,0.0,0.0,2.4,Nublado
2025-04-15 03:18:00,11.25,11.5,12.42,89.4,100.0,0.0,O,1673.0,0.0,0.0,0.0,0.0,2.4,Nublado
2025-04-15 03:23:00,11.25,11.5,12.42,90.1,100.0,0.0,O,1670.0,0.0,0.0,0.0,0.0,2.4,Nublado
2025-04-15 03:28:00,11.0,11.6,12.5,90.6,100.0,0.0,O,1712.0,0.0,0.0,0.0,0.0,2.4,Nublado
2025-04-15 03:33:00,11.0,11.7,12.57,90.4,100.0,0.0,O,1621.0,0.0,0.0,0.0,0.0,2.4,Nublado
2025-04-15 03:38:00,11.0,11.6,12.5,90.0,100.0,0.0,O,1601.0,0.0,0.0,0.0,0.0,2.4,Nublado
2025-04-15 03:43:00,11.0,11.5,12.42,90.0,100.0,0.0,O,1636.0,0.0,0.0,0.0,0.0,2.4,Nublado
2025-04-15 03:48:00,11.0,11.5,12.42,90.1,100.0,0.0,O,1643.0,0.0,0.0,0.0,0.0,2.4,Nublado
2025-04-15 03:53:00,10.75,11.4,12.34,89.9,100.0,0.0,O,1666.0,0.0,0.0,0.0,0.0,2.4,Nublado
2025-04-15 03:58:00,10.75,11.2,12.19,89.7,100.0,0.0,O,1684.0,0.0,0.0,0.0,0.0,2.4,Nublado
2025-04-15 04:03:00,10.5,11.0,12.04,90.0,100.0,0.0,O,1664.0,0.0,0.0,0.0,0.0,2.4,Nublado
2025-04-15 04:08:00,10.25,10.9,11.96,90.3,100.0,0.0,O,1667.0,0.0,0.0,0.0,0.0,2.4,Nublado
2025-04-15 04:13:00,10.25,10.9,11.96,90.8,100.0,0.0,O,1653.0,0.0,0.0,0.0,0.0,2.4,Nublado
2025-04-15 04:18:00,10.25,11.0,12.04,91.1,100.0,0.0,O,1691.0,0.0,0.0,0.0,0.0,2.4,Nublado
2025-04-15 04:23:00,10.25,10.9,11.96,90.8,100.0,0.0,O,1691.0,0.0,0.0,0.0,0.0,2.4,Nublado
2025-04-15 04:28:00,10.0,10.7,11.81,90.4,100.0,0.0,O,1610.0,0.0,0.0,0.0,0.0,2.4,Nublado
2025-04-15 04:33:00,9.75,10.4,11.58,90.3,100.0,0.0,O,1630.0,0.0,0.0,0.0,0.0,2.4,Nublado
2025-04-15 04:38:00,9.75,10.3,11.51,90.4,100.0,0.0,O,1664.0,0.0,0.0,0.0,0.0,2.4,Nublado
2025-04-15 04:43:00,9.5,10.1,11.36,90.7,100.0,0.0,O,1678.0,0.0,0.0,0.0,0.0,2.4,Nublado
2025-04-15 04:48:00,9.5,10.3,11.51,91.5,100.0,0.0,O,1690.0,0.0,0.0,0.0,0.0,2.4,Nublado
2025-04-15 04:53:00,9.5,10.3,11.51,91.3,100.0,0.0,O,1649.0,0.0,0.0,0.0,0.0,2.4,Nublado
2025-04-15 04:58:00,9.5,10.3,11.51,91.6,100.0,0.0,O,1677.0,0.0,0.0,0.0,0.0,2.4,Nublado
2025-04-15 05:03:00,9.5,10.5,11.66,91.7,100.0,0.0,O,1739.0,0.0,0.0,0.0,0.0,2.4,Nublado
2025-04-15 05:08:00,9.5,10.1,11.36,91.0,100.0,0.0,NO,1595.0,0.0,0.0,0.0,0.0,2.4,Nublado
2025-04-15 05:13:00,9.25,10.0,11.28,91.4,100.0,0.0,O,1635.0,0.0,0.0,0.0,0.0,2.4,Nublado
2025-04-15 05:18:00,9.25,9.9,11.2,91.3,100.0,0.0,O,1603.0,0.0,0.0,0.0,0.0,2.4,Nublado
2025-04-15 05:23:00,9.25,10.3,11.51,92.4,100.0,0.0,O,1718.0,0.0,0.0,0.0,0.0,2.4,Nublado
2025-04-15 05:28:00,9.25,10.3,11.51,91.7,100.0,0.0,O,1699.0,0.0,0.0,0.0,0.0,2.4,Nublado
2025-04-15 05:33:00,9.25,10.2,11.43,91.5,100.0,0.0,O,1680.0,0.0,0.0,0.0,0.0,2.4,Nublado
2025-04-15 05:38:00,9.25,10.1,11.36,91.6,100.0,0.0,O,1731.0,0.0,0.0,0.0,0.0,2.4,Nublado
2025-04-15 05:43:00,9.25,10.3,11.51,92.2,100.0,0.0,O,1702.0,0.0,0.0,41.0,0.32,2.4,Nublado
2025-04-15 05:48:00,9.25,10.3,11.51,91.5,100.0,0.0,O,1728.0,0.0,0.0,135.0,1.07,2.4,Nublado
2025-04-15 05:53:00,9.25,10.0,11.28,91.0,100.0,0.0,O,1678.0,0.0,0.0,281.0,2.22,2.4,Nublado
2025-04-15 05:58:00,9.25,10.1,11.36,91.8,100.0,0.0,NO,1571.0,0.0,0.0,472.0,3.73,2.4,Nublado
2025-04-15 06:03:00,9.25,10.2,11.43,91.4,100.0,0.0,O,1744.0,0.0,0.0,822.0,6.49,2.4,Nublado
2025-04-15 06:08:00,9.25,10.3,11.51,91.6,100.0,0.0,O,1723.0,0.0,0.0,1236.0,9.76,2.4,Nublado
2025-04-15 06:13:00,9.5,10.3,11.51,91.0,100.0,0.0,O,1726.0,0.0,0.0,2024.0,15.99,2.4,Nublado
2025-04-15 06:18:00,9.75,10.5,11.66,91.3,100.0,0.0,O,1655.0,0.0,0.0,2682.0,21.19,2.4,Nublado
2025-04-15 06:23:00,10.0,10.7,11.81,91.1,100.0,0.0,O,1633.0,0.0,0.0,3367.0,26.6,2.4,Nublado
2025-04-15 06:28:00,10.25,11.0,12.04,90.0,100.0,0.0,O,1635.0,0.0,0.0,5147.0,40.66,2.4,Nublado
2025-04-15 06:33:00,10.5,11.1,12.12,89.3,100.0,0.0,O,1680.0,0.0,0.0,6301.0,49.78,2.4,Nublado
2025-04-15 06:38:00,10.75,11.3,12.27,89.0,100.0,0.0,O,1692.0,0.0,0.0,6451.0,50.96,2.4,Nublado
2025-04-15 06:43:00,11.25,12.3,13.03,86.2,100.0,0.0,O,1647.0,0.0,0.0,7639.0,60.35,2.4,Nublado
2025-04-15 06:48:00,12.25,12.8,13.41,84.2,100.0,0.0,O,1739.0,0.0,0.0,8386.0,66.25,2.4,Nublado
2025-04-15 06:53:00,13.75,13.0,13.56,82.9,100.0,0.0,O,1695.0,0.0,0.0,7256.0,57.32,2.4,Nublado
2025-04-15 06:58:00,15.0,13.2,13.71,82.2,100.0,0.0,O,1683.0,0.0,0.0,15242.0,120.41,2.4,Nublado
2025-04-15 07:03:00,15.5,13.2,13.71,81.9,100.0,0.0,O,1693.0,0.0,0.0,16793.0,132.66,2.4,Nublado
2025-04-15 07:08:00,16.0,13.5,13.94,78.9,100.0,8.02,O,1604.0,0.0,0.0,16787.0,132.62,2.4,Nublado
2025-04-15 07:13:00,16.5,14.1,14.4,77.0,98.44,0.0,O,1629.0,0.0,0.0,17429.0,137.69,2.31,Nublado
2025-04-15 07:18:00,17.5,14.7,14.85,75.5,96.4,1.77,O,1667.0,0.0,0.0,65536.0,517.73,2.18,Nublado
2025-04-15 07:23:00,18.5,15.3,15.31,69.9,88.78,3.04,NO,1578.0,0.0,0.0,65536.0,517.73,1.73,Nublado
2025-04-15 07:28:00,19.5,16.2,15.99,64.7,81.71,1.44,O,1662.0,0.0,0.0,65536.0,517.73,1.3,Despejado
2025-04-15 07:33:00,20.5,16.6,16.3,60.7,76.27,3.18,E,4095.0,0.0,0.0,65536.0,517.73,0.98,Despejado
2025-04-15 07:38:00,21.25,16.7,16.37,57.5,71.92,4.75,Desconocido,3703.0,0.0,0.0,65536.0,517.73,0.72,Despejado
2025-04-15 07:43:00,22.25,17.0,16.6,56.7,70.83,6.22,S,2431.0,0.0,0.0,65536.0,517.73,0.65,Despejado
2025-04-15 07:48:00,23.0,16.9,16.52,57.2,71.51,5.27,E,4095.0,0.0,0.0,65536.0,517.73,0.69,Despejado
2025-04-15 07:53:00,24.0,18.0,17.36,57.0,71.24,1.38,E,4095.0,0.0,0.0,65536.0,517.73,0.67,Despejado
2025-04-15 07:58:00,25.5,18.1,17.44,53.2,66.07,7.84,E,4095.0,0.0,0.0,65536.0,517.73,0.36,Despejado
2025-04-15 08:03:00,27.0,18.3,17.59,52.7,65.39,5.8,Desconocido,2799.0,0.0,0.0,65536.0,517.73,0.32,Despejado
2025-04-15 08:08:00,28.25,18.4,17.66,53.2,66.07,3.92,E,4095.0,0.0,0.0,65536.0,517.73,0.49,Despejado
2025-04-15 08:13:00,29.0,18.4,17.66,50.8,62.81,5.74,Desconocido,2721.0,0.0,0.0,65536.0,517.73,0.48,Despejado
2025-04-15 08:18:00,29.75,18.9,18.04,50.0,61.72,5.34,Desconocido,2718.0,0.0,0.0,65536.0,517.73,0.58,Despejado
2025-04-15 08:23:00,30.5,19.4,18.42,47.7,58.59,4.37,E,4095.0,0.0,0.0,65536.0,517.73,0.64,Despejado
2025-04-15 08:28:00,31.25,19.2,18.27,47.9,58.86,4.9,E,4095.0,0.0,0.0,65536.0,517.73,0.78,Despejado
2025-04-15 08:33:00,32.0,19.7,18.65,45.5,55.6,0.0,Desconocido,3799.0,0.0,0.0,65536.0,517.73,0.92,Despejado
2025-04-15 08:38:00,33.0,20.1,18.96,43.2,52.47,4.75,E,4095.0,0.0,0.0,65536.0,517.73,1.04,Despejado
2025-04-15 08:43:00,33.75,20.2,19.03,44.0,53.56,2.57,E,4095.0,0.0,0.0,65536.0,517.73,1.16,Despejado
2025-04-15 08:48:00,34.5,20.9,19.56,41.3,49.89,0.0,Desconocido,3844.0,0.0,0.0,65536.0,517.73,1.27,Despejado
2025-04-15 08:53:00,35.5,20.9,19.56,42.3,51.25,2.21,Desconocido,3754.0,0.0,0.0,65536.0,517.73,1.37,Despejado
2025-04-15 08:58:00,36.25,21.3,19.87,41.8,50.57,6.51,E,4095.0,0.0,0.0,65536.0,517.73,1.46,Despejado
2025-04-15 09:03:00,36.75,21.9,20.32,40.3,48.53,0.0,E,4095.0,0.0,0.0,65536.0,517.73,1.55,Despejado
2025-04-15 09:08:00,37.0,21.3,19.87,39.4,47.3,4.48,NO,1216.0,0.0,0.0,65536.0,517.73,1.64,Despejado
2025-04-15 09:13:00,36.5,21.2,19.79,38.2,45.67,3.26,O,1730.0,0.0,0.0,65536.0,517.73,1.71,Despejado
2025-04-15 09:18:00,35.75,20.7,19.41,38.7,46.35,18.37,E,4095.0,0.0,0.0,65536.0,517.73,1.79,Despejado
2025-04-15 09:23:00,35.25,20.9,19.56,39.3,47.17,6.33,E,4095.0,0.0,0.0,65536.0,517.73,1.86,Despejado
2025-04-15 09:28:00,35.25,21.0,19.64,39.4,47.3,8.59,Desconocido,0.0,0.0,0.0,65536.0,517.73,1.92,Despejado
2025-04-15 09:33:00,35.25,20.8,19.49,40.3,48.53,0.0,Desconocido,2880.0,0.0,0.0,65536.0,517.73,1.98,Despejado
2025-04-15 09:38:00,35.75,21.4,19.94,40.2,48.39,12.68,Desconocido,0.0,0.0,0.0,65536.0,517.73,2.04,Despejado
2025-04-15 09:43:00,36.75,21.7,20.17,40.2,48.39,6.22,N,689.0,0.0,0.0,65536.0,517.73,2.09,Despejado
2025-04-15 09:48:00,37.5,21.6,20.1,39.4,47.3,11.59,E,4095.0,0.0,0.0,65536.0,517.73,2.14,Despejado
2025-04-15 09:53:00,38.25,22.3,20.63,36.4,43.22,13.56,E,4095.0,0.0,0.0,65536.0,517.73,2.19,Despejado
2025-04-15 09:58:00,38.75,22.3,20.63,37.5,44.72,0.0,Desconocido,2883.0,0.0,0.0,65536.0,517.73,2.24,Despejado
2025-04-15 10:03:00,39.5,22.4,20.7,37.8,45.13,4.48,E,4095.0,0.0,0.0,65536.0,517.73,2.28,Despejado
2025-04-15 10:08:00,38.0,21.2,19.79,38.0,45.4,4.52,E,4095.0,0.0,0.0,65536.0,517.73,2.32,Despejado
2025-04-15 10:13:00,35.0,20.7,19.41,39.3,47.17,2.98,NO,1185.0,0.0,0.0,65536.0,517.73,2.35,Despejado
2025-04-15 10:18:00,32.0,20.1,18.96,39.9,47.98,4.47,E,4095.0,0.0,0.0,65536.0,517.73,2.39,Despejado
2025-04-15 10:23:00,30.25,20.3,19.11,39.3,47.17,6.63,E,4095.0,0.0,0.0,65536.0,517.73,2.42,Despejado
2025-04-15 10:28:00,29.75,20.7,19.41,38.1,45.54,12.85,Desconocido,3848.0,0.0,0.0,65536.0,517.73,2.45,Despejado
2025-04-15 10:33:00,29.75,20.4,19.18,38.2,45.67,8.74,E,4095.0,0.0,0.0,65536.0,517.73,2.48,Despejado
2025-04-15 10:38:00,29.5,20.6,19.34,39.6,47.58,0.0,O,1657.0,0.0,0.0,65536.0,517.73,2.5,Despejado
2025-04-15 10:43:00,29.5,21.0,19.64,39.8,47.85,2.39,SO,2109.0,0.0,0.0,65536.0,517.73,2.53,Despejado
2025-04-15 10:48:00,30.0,20.9,19.56,39.9,47.98,1.77,SO,2129.0,0.0,0.0,65536.0,517.73,2.55,Despejado
2025-04-15 10:53:00,30.0,20.5,19.26,41.2,49.75,5.9,Desconocido,3825.0,0.0,0.0,65536.0,517.73,2.57,Despejado
2025-04-15 10:58:00,29.5,20.8,19.49,41.0,49.48,9.93,E,4095.0,0.0,0.0,65536.0,517.73,2.59,Despejado
2025-04-15 11:03:00,31.0,22.1,20.48,38.9,46.62,2.38,E,4095.0,0.0,0.0,65536.0,517.73,2.61,Despejado
2025-04-15 11:08:00,33.5,22.7,20.93,38.1,45.54,7.77,SO,1891.0,0.0,0.0,65536.0,517.73,2.62,Despejado
2025-04-15 11:13:00,34.5,22.1,20.48,39.5,47.44,1.85,NO,1287.0,0.0,0.0,65536.0,517.73,2.64,Despejado
2025-04-15 11:18:00,35.0,22.6,20.86,38.1,45.54,4.27,NO,1186.0,0.0,0.0,65536.0,517.73,2.65,Despejado
2025-04-15 11:23:00,35.75,22.3,20.63,37.8,45.13,4.53,E,4095.0,0.0,0.0,5437.0,42.95,2.66,Despejado
2025-04-15 11:28:00,36.5,22.9,21.08,37.1,44.18,8.95,O,1670.0,0.0,0.0,3084.0,24.36,2.67,Despejado
2025-04-15 11:33:00,38.0,23.7,21.69,35.7,42.27,6.09,Desconocido,3894.0,0.0,0.0,2562.0,20.24,2.68,Despejado
2025-04-15 11:38:00,39.0,22.8,21.01,34.2,40.23,6.68,E,3991.0,0.0,0.0,2563.0,20.25,2.69,Despejado
2025-04-15 11:43:00,38.5,22.9,21.08,34.2,40.23,9.56,E,4095.0,0.0,0.0,6373.0,50.35,2.69,Despejado
2025-04-15 11:48:00,38.5,23.7,21.69,37.1,44.18,4.91,O,1651.0,0.0,0.0,7307.0,57.73,2.7,Despejado
2025-04-15 11:53:00,39.0,23.6,21.62,37.9,45.26,7.44,N,676.0,0.0,0.0,10434.0,82.43,2.7,Despejado
2025-04-15 11:58:00,39.5,22.4,20.7,38.6,46.22,0.0,SE,2939.0,0.0,0.0,16077.0,127.01,2.7,Despejado
2025-04-15 12:03:00,39.5,22.9,21.08,38.2,45.67,13.51,Desconocido,2831.0,0.0,0.0,65536.0,517.73,2.7,Despejado
2025-04-15 12:08:00,37.0,21.7,20.17,39.7,47.71,10.47,Desconocido,2824.0,0.0,0.0,65536.0,517.73,2.7,Despejado
2025-04-15 12:13:00,34.0,21.5,20.02,40.8,49.21,8.57,E,4095.0,0.0,0.0,65536.0,517.73,2.7,Despejado
2025-04-15 12:18:00,32.0,21.9,20.32,42.1,50.98,0.0,E,4095.0,0.0,0.0,65536.0,517.73,2.69,Despejado
2025-04-15 12:23:00,31.0,21.2,19.79,41.9,50.7,5.53,E,4095.0,0.0,0.0,65536.0,517.73,2.69,Despejado
2025-04-15 12:28:00,29.75,21.2,19.79,40.9,49.34,6.03,E,4095.0,0.0,0.0,65536.0,517.73,2.68,Despejado
2025-04-15 12:33:00,29.0,21.0,19.64,42.2,51.11,5.21,Desconocido,2814.0,0.0,0.0,65536.0,517.73,2.67,Despejado
2025-04-15 12:38:00,28.75,21.4,19.94,43.1,52.34,6.02,Desconocido,2814.0,0.0,0.0,65536.0,517.73,2.66,Despejado
2025-04-15 12:43:00,29.0,21.6,20.1,41.9,50.7,6.02,Desconocido,2743.0,0.0,0.0,11615.0,91.76,2.65,Despejado
2025-04-15 12:48:00,29.75,21.9,20.32,41.5,50.16,4.34,E,4095.0,0.0,0.0,9577.0,75.66,2.64,Despejado
2025-04-15 12:53:00,31.0,22.8,21.01,40.1,48.26,10.43,E,4095.0,0.0,0.0,6374.0,50.35,2.62,Despejado
2025-04-15 12:58:00,32.25,22.7,20.93,40.4,48.66,0.0,Desconocido,2789.0,0.0,0.0,17375.0,137.26,2.61,Despejado
2025-04-15 13:03:00,32.75,22.1,20.48,41.5,50.16,4.81,S,2426.0,0.0,0.0,12727.0,100.54,2.59,Despejado
2025-04-15 13:08:00,31.75,21.2,19.79,42.9,52.06,10.06,E,4095.0,0.0,0.0,65536.0,517.73,2.57,Despejado
2025-04-15 13:13:00,30.0,21.3,19.87,42.1,50.98,5.23,Desconocido,2813.0,0.0,0.0,65536.0,517.73,2.55,Despejado
2025-04-15 13:18:00,29.0,21.4,19.94,42.3,51.25,0.0,N,693.0,0.0,0.0,65536.0,517.73,2.52,Despejado
2025-04-15 13:23:00,29.0,22.1,20.48,48.1,59.14,1.17,S,2481.0,0.0,0.0,65536.0,517.73,2.5,Despejado
2025-04-15 13:28:00,29.5,21.4,19.94,54.8,68.25,3.87,SO,1755.0,0.0,0.0,65536.0,517.73,2.97,Despejado
2025-04-15 13:33:00,29.5,20.7,19.41,55.7,69.47,5.36,O,1621.0,0.0,0.0,65536.0,517.73,3.01,Despejado
2025-04-15 13:38:00,31.25,22.2,20.55,52.9,65.66,12.22,O,1650.0,0.0,0.0,65536.0,517.73,2.75,Despejado
2025-04-15 13:43:00,34.0,22.4,20.7,53.2,66.07,4.87,O,1665.0,0.0,0.0,65536.0,517.73,2.75,Despejado
2025-04-15 13:48:00,34.25,21.9,20.32,52.4,64.98,0.0,O,1665.0,0.0,0.0,65536.0,517.73,2.65,Despejado
2025-04-15 13:53:00,33.0,22.0,20.4,52.1,64.58,2.44,Desconocido,2800.0,0.0,0.0,65536.0,517.73,2.58,Despejado
2025-04-15 13:58:00,32.75,23.4,21.46,47.9,58.86,0.0,O,1732.0,0.0,0.0,65536.0,517.73,2.27,Despejado
2025-04-15 14:03:00,35.0,22.9,21.08,46.7,57.23,4.34,Desconocido,2795.0,0.0,0.0,10533.0,83.21,2.23,Despejado
2025-04-15 14:08:00,37.75,24.0,21.92,47.4,58.18,1.95,O,1652.0,0.0,0.0,5620.0,44.4,2.18,Despejado
2025-04-15 14:13:00,37.75,23.9,21.84,48.0,59.0,0.0,O,1739.0,0.0,0.0,4726.0,37.34,2.13,Despejado
2025-04-15 14:18:00,37.25,22.8,21.01,51.1,63.22,5.93,O,1665.0,0.0,0.0,4812.0,38.01,2.27,Despejado
2025-04-15 14:23:00,35.75,21.0,19.64,56.1,70.02,4.69,O,1601.0,0.0,0.0,9661.0,76.32,2.63,Despejado
2025-04-15 14:28:00,33.75,21.3,19.87,55.7,69.47,2.39,O,1656.0,0.0,0.0,9981.0,78.85,2.54,Despejado
2025-04-15 14:33:00,32.0,21.5,20.02,53.3,66.21,0.0,O,1667.0,0.0,0.0,7323.0,57.85,2.28,Despejado
2025-04-15 14:38:00,31.25,22.2,20.55,52.7,65.39,0.0,O,1659.0,0.0,0.0,7252.0,57.29,2.17,Despejado
2025-04-15 14:43:00,31.5,22.6,20.86,51.6,63.9,0.0,O,1629.0,0.0,0.0,8729.0,68.96,2.01,Despejado
2025-04-15 14:48:00,34.0,23.2,21.31,48.6,59.82,15.3,O,1673.0,0.0,0.0,65536.0,517.73,1.7,Despejado
2025-04-15 14:53:00,35.75,23.3,21.39,49.4,60.9,4.37,SO,1753.0,0.0,0.0,65536.0,517.73,1.67,Despejado
2025-04-15 14:58:00,35.0,22.0,20.4,53.2,66.07,4.09,O,1716.0,0.0,0.0,65536.0,517.73,1.9,Despejado
2025-04-15 15:03:00,33.0,21.6,20.1,53.1,65.94,4.43,O,1722.0,0.0,0.0,65536.0,517.73,1.8,Despejado
2025-04-15 15:08:00,31.25,21.5,20.02,55.1,68.66,1.95,O,1709.0,0.0,0.0,65536.0,517.73,1.87,Despejado
2025-04-15 15:13:00,30.25,21.4,19.94,55.7,69.47,5.23,O,1680.0,0.0,0.0,65536.0,517.73,1.81,Despejado
2025-04-15 15:18:00,30.0,20.8,19.49,57.0,71.24,5.93,O,1655.0,0.0,0.0,65536.0,517.73,1.81,Despejado
2025-04-15 15:23:00,29.0,20.6,19.34,58.5,73.28,1.17,O,1617.0,0.0,0.0,65536.0,517.73,1.81,Despejado
2025-04-15 15:28:00,28.0,21.1,19.72,57.2,71.51,0.0,O,1647.0,0.0,0.0,65536.0,517.73,1.58,Despejado
2025-04-15 15:33:00,28.75,22.4,20.7,54.8,68.25,0.0,O,1634.0,0.0,0.0,65536.0,517.73,1.25,Despejado
2025-04-15 15:38:00,31.5,23.6,21.62,52.0,64.44,0.0,O,1687.0,0.0,0.0,65536.0,517.73,0.87,Despejado
2025-04-15 15:43:00,35.0,23.8,21.77,50.1,61.86,1.85,O,1671.0,0.0,0.0,65536.0,517.73,0.56,Despejado
2025-04-15 15:48:00,36.75,21.7,20.17,53.3,66.21,20.81,O,1700.0,0.0,0.0,15396.0,121.63,0.65,Despejado
2025-04-15 15:53:00,35.0,20.8,19.49,57.4,71.78,0.0,O,1723.0,0.0,0.0,8896.0,70.28,0.8,Despejado
2025-04-15 15:58:00,33.5,22.1,20.48,54.3,67.57,0.0,O,1669.0,0.0,0.0,6457.0,51.01,0.45,Despejado
2025-04-15 16:03:00,34.0,21.7,20.17,54.9,68.38,2.05,O,1707.0,0.0,0.0,4637.0,36.63,0.5,Despejado
2025-04-15 16:08:00,32.5,20.2,19.03,59.5,74.64,0.0,O,1712.0,0.0,0.0,3137.0,24.78,0.88,Despejado
2025-04-15 16:13:00,30.5,20.7,19.41,59.8,75.05,1.1,O,1741.0,0.0,0.0,3484.0,27.52,0.9,Despejado
2025-04-15 16:18:00,29.5,21.0,19.64,59.7,74.91,1.77,O,1680.0,0.0,0.0,3808.0,30.08,0.89,Despejado
2025-04-15 16:23:00,29.0,20.5,19.26,59.1,74.1,4.76,O,1727.0,0.0,0.0,3904.0,30.84,0.85,Despejado
2025-04-15 16:28:00,28.75,20.7,19.41,59.3,74.37,0.0,O,1687.0,0.0,0.0,7405.0,58.5,0.86,Despejado
2025-04-15 16:33:00,28.75,21.1,19.72,57.9,72.46,0.96,SO,1761.0,0.0,0.0,10784.0,85.19,0.75,Despejado
2025-04-15 16:38:00,29.0,21.0,19.64,56.1,70.02,6.44,O,1637.0,0.0,0.0,65536.0,517.73,0.6,Despejado
2025-04-15 16:43:00,29.5,21.1,19.72,55.1,68.66,0.0,O,1667.0,0.0,0.0,11982.0,94.66,0.52,Despejado
2025-04-15 16:48:00,29.25,20.4,19.18,58.0,72.6,0.0,Desconocido,2811.0,0.0,0.0,7031.0,55.54,0.76,Despejado
2025-04-15 16:53:00,28.25,20.1,18.96,58.2,72.87,0.0,Desconocido,2805.0,0.0,0.0,5493.0,43.39,0.77,Despejado
2025-04-15 16:58:00,27.25,19.9,18.8,58.1,72.74,4.77,SE,2901.0,0.0,0.0,4803.0,37.94,0.76,Despejado
2025-04-15 17:03:00,26.0,19.4,18.42,60.7,76.27,0.0,Desconocido,2763.0,0.0,0.0,4370.0,34.52,0.98,Despejado
2025-04-15 17:08:00,24.75,18.9,18.04,61.4,77.22,0.0,Desconocido,2851.0,0.0,0.0,4029.0,31.83,1.03,Despejado
2025-04-15 17:13:00,23.75,19.0,18.12,61.9,77.9,0.0,Desconocido,2818.0,0.0,0.0,3880.0,30.65,1.07,Despejado
2025-04-15 17:18:00,23.25,19.1,18.2,60.9,76.54,0.0,Desconocido,2805.0,0.0,0.0,3512.0,27.74,0.99,Despejado
2025-04-15 17:23:00,23.0,18.7,17.89,62.4,78.58,0.0,Desconocido,2791.0,0.0,0.0,2529.0,19.98,1.12,Despejado
2025-04-15 17:28:00,22.75,18.1,17.44,65.8,83.21,0.0,Desconocido,2778.0,0.0,0.0,2173.0,17.17,1.39,Despejado
2025-04-15 17:33:00,21.5,17.4,16.9,69.7,88.51,0.0,Desconocido,2871.0,0.0,0.0,3172.0,25.06,1.71,Nublado
2025-04-15 17:38:00,20.5,17.5,16.98,66.6,84.3,0.0,Desconocido,2813.0,0.0,0.0,3762.0,29.72,1.46,Despejado
2025-04-15 17:43:00,20.0,17.6,17.06,66.0,83.48,0.0,SE,2960.0,0.0,0.0,2883.0,22.78,1.41,Despejado
2025-04-15 17:48:00,19.5,17.5,16.98,65.8,83.21,0.0,Desconocido,2749.0,0.0,0.0,736.0,5.81,1.39,Despejado
2025-04-15 17:53:00,19.0,17.1,16.68,66.3,83.89,0.0,Desconocido,2890.0,0.0,0.0,282.0,2.23,1.43,Despejado
2025-04-15 17:58:00,18.25,16.7,16.37,69.0,87.56,0.0,Desconocido,2736.0,0.0,0.0,137.0,1.08,1.65,Nublado
2025-04-15 18:03:00,17.25,16.3,16.07,71.7,91.23,0.0,Desconocido,2874.0,0.0,0.0,71.0,0.56,1.87,Nublado
2025-04-15 18:08:00,16.75,15.9,15.76,73.9,94.22,0.0,Desconocido,2736.0,0.0,0.0,19.0,0.15,2.05,Nublado
2025-04-15 18:13:00,16.0,15.6,15.54,75.1,95.86,0.0,Desconocido,2746.0,0.0,0.0,5.0,0.04,2.15,Nublado
2025-04-15 18:18:00,15.5,15.3,15.31,77.2,98.71,0.0,SE,2926.0,0.0,0.0,2.0,0.02,2.32,Nublado
2025-04-15 18:23:00,15.0,15.1,15.16,77.5,99.12,1.06,Desconocido,2734.0,0.0,0.0,1.0,0.01,2.35,Nublado
2025-04-15 18:28:00,14.75,15.2,15.23,76.9,98.3,0.0,Desconocido,2771.0,0.0,0.0,0.0,0.0,2.3,Nublado
2025-04-15 18:33:00,14.5,15.3,15.31,76.0,97.08,0.0,Desconocido,2790.0,0.0,0.0,0.0,0.0,2.22,Nublado
2025-04-15 18:38:00,14.25,15.2,15.23,76.8,98.17,0.0,Desconocido,2774.0,0.0,0.0,0.0,0.0,2.29,Nublado
2025-04-15 18:43:00,14.25,14.8,14.93,77.9,99.66,0.0,Desconocido,2730.0,0.0,0.0,0.0,0.0,2.38,Nublado
2025-04-15 18:48:00,14.0,14.5,14.7,78.6,100.0,0.0,Desconocido,2779.0,0.0,0.0,0.0,0.0,2.4,Nublado
2025-04-15 18:53:00,13.75,14.2,14.47,80.4,100.0,0.0,Desconocido,2715.0,0.0,0.0,0.0,0.0,2.4,Nublado
2025-04-15 18:58:00,13.5,14.1,14.4,82.5,100.0,0.0,Desconocido,2816.0,0.0,0.0,0.0,0.0,2.4,Nublado
2025-04-15 19:03:00,13.5,14.1,14.4,82.3,100.0,0.0,Desconocido,2791.0,0.0,0.0,0.0,0.0,2.4,Nublado
2025-04-15 19:08:00,13.25,14.0,14.32,82.6,100.0,0.0,Desconocido,2726.0,0.0,0.0,0.0,0.0,2.4,Nublado
2025-04-15 19:13:00,13.25,14.0,14.32,82.4,100.0,0.0,Desconocido,2828.0,0.0,0.0,0.0,0.0,2.4,Nublado
2025-04-15 19:18:00,13.25,13.7,14.09,82.8,100.0,0.0,Desconocido,2771.0,0.0,0.0,0.0,0.0,2.4,Nublado
2025-04-15 19:23:00,13.0,13.5,13.94,84.1,100.0,0.0,Desconocido,2823.0,0.0,0.0,0.0,0.0,2.4,Nublado
2025-04-15 19:28:00,12.75,13.3,13.79,84.6,100.0,0.0,Desconocido,2870.0,0.0,0.0,0.0,0.0,2.4,Nublado
2025-04-15 19:33:00,12.75,13.4,13.86,85.0,100.0,0.0,Desconocido,2770.0,0.0,0.0,0.0,0.0,2.4,Nublado
2025-04-15 19:38:00,12.75,13.4,13.86,83.9,100.0,0.0,Desconocido,2767.0,0.0,0.0,0.0,0.0,2.4,Nublado
2025-04-15 19:43:00,12.5,13.2,13.71,84.7,100.0,0.0,Desconocido,2805.0,0.0,0.0,0.0,0.0,2.4,Nublado
2025-04-15 19:48:00,12.5,13.0,13.56,85.3,100.0,0.0,Desconocido,2847.0,0.0,0.0,0.0,0.0,2.4,Nublado
2025-04-15 19:53:00,12.5,12.9,13.48,85.5,100.0,0.0,Desconocido,2770.0,0.0,0.0,0.0,0.0,2.4,Nublado
2025-04-15 19:58:00,12.25,13.1,13.64,85.2,100.0,0.0,Desconocido,2726.0,0.0,0.0,0.0,0.0,2.4,Nublado
2025-04-15 20:03:00,12.25,13.1,13.64,84.4,100.0,0.0,Desconocido,2853.0,0.0,0.0,0.0,0.0,2.4,Nublado
2025-04-15 20:08:00,12.25,12.9,13.48,84.4,100.0,0.0,Desconocido,2812.0,0.0,0.0,0.0,0.0,2.4,Nublado
2025-04-15 20:13:00,12.0,12.8,13.41,85.1,100.0,0.0,Desconocido,2788.0,0.0,0.0,0.0,0.0,2.4,Nublado
2025-04-15 20:18:00,12.25,12.9,13.48,84.7,100.0,0.0,Desconocido,2762.0,0.0,0.0,0.0,0.0,2.4,Nublado
2025-04-15 20:23:00,12.0,12.8,13.41,84.2,100.0,0.0,Desconocido,2768.0,0.0,0.0,0.0,0.0,2.4,Nublado
2025-04-15 20:28:00,12.0,12.4,13.1,85.4,100.0,0.0,Desconocido,2854.0,0.0,0.0,0.0,0.0,2.4,Nublado
2025-04-15 20:33:00,11.5,12.2,12.95,86.1,100.0,0.0,Desconocido,2809.0,0.0,0.0,0.0,0.0,2.4,Nublado
2025-04-15 20:38:00,11.5,12.1,12.88,86.4,100.0,0.0,Desconocido,2819.0,0.0,0.0,0.0,0.0,2.4,Nublado
2025-04-15 20:43:00,11.25,11.9,12.72,87.0,100.0,0.0,Desconocido,2810.0,0.0,0.0,0.0,0.0,2.4,Nublado
2025-04-15 20:48:00,11.25,11.7,12.57,87.3,100.0,0.0,Desconocido,2787.0,0.0,0.0,0.0,0.0,2.4,Nublado
2025-04-15 20:53:00,11.0,11.7,12.57,88.1,100.0,0.0,Desconocido,2899.0,0.0,0.0,0.0,0.0,2.4,Nublado
2025-04-15 20:58:00,11.0,11.6,12.5,88.4,100.0,0.0,Desconocido,2842.0,0.0,0.0,0.0,0.0,2.4,Nublado
2025-04-15 21:03:00,11.0,11.8,12.65,88.4,100.0,0.0,Desconocido,2836.0,0.0,0.0,0.0,0.0,2.4,Nublado
2025-04-15 21:08:00,11.0,12.0,12.8,87.4,100.0,0.0,Desconocido,2851.0,0.0,0.0,0.0,0.0,2.4,Nublado
2025-04-15 21:13:00,11.0,12.0,12.8,86.3,100.0,0.0,Desconocido,2763.0,0.0,0.0,0.0,0.0,2.4,Nublado
2025-04-15 21:18:00,11.25,11.9,12.72,85.9,100.0,0.0,Desconocido,2751.0,0.0,0.0,0.0,0.0,2.4,Nublado
2025-04-15 21:23:00,11.0,11.8,12.65,86.2,100.0,0.0,Desconocido,2806.0,0.0,0.0,0.0,0.0,2.4,Nublado
2025-04-15 21:28:00,11.0,11.8,12.65,86.6,100.0,0.0,Desconocido,2734.0,0.0,0.0,0.0,0.0,2.4,Nublado
2025-04-15 21:33:00,10.75,11.4,12.34,85.7,100.0,0.0,Desconocido,2725.0,0.0,0.0,0.0,0.0,2.4,Nublado
2025-04-15 21:38:00,10.75,11.0,12.04,87.2,100.0,0.0,Desconocido,2772.0,0.0,0.0,0.0,0.0,2.4,Nublado
2025-04-15 21:43:00,10.25,10.9,11.96,88.4,100.0,0.0,Desconocido,2838.0,0.0,0.0,0.0,0.0,2.4,Nublado
2025-04-15 21:48:00,10.25,10.9,11.96,89.3,100.0,0.0,Desconocido,2736.0,0.0,0.0,0.0,0.0,2.4,Nublado
2025-04-15 21:53:00,10.0,10.7,11.81,88.9,100.0,0.0,Desconocido,2718.0,0.0,0.0,0.0,0.0,2.4,Nublado
2025-04-15 21:58:00,10.0,10.9,11.96,89.9,100.0,0.0,Desconocido,2725.0,0.0,0.0,0.0,0.0,2.4,Nublado
2025-04-15 22:03:00,9.75,10.8,11.89,89.4,100.0,0.0,Desconocido,2832.0,0.0,0.0,0.0,0.0,2.4,Nublado
2025-04-15 22:08:00,10.0,10.7,11.81,89.0,100.0,0.0,Desconocido,2858.0,0.0,0.0,0.0,0.0,2.4,Nublado
2025-04-15 22:13:00,9.75,10.5,11.66,88.8,100.0,0.0,Desconocido,2773.0,0.0,0.0,0.0,0.0,2.4,Nublado
2025-04-15 22:18:00,9.75,10.4,11.58,88.6,100.0,0.0,Desconocido,2805.0,0.0,0.0,0.0,0.0,2.4,Nublado
2025-04-15 22:23:00,9.5,10.1,11.36,88.8,100.0,0.0,Desconocido,2881.0,0.0,0.0,0.0,0.0,2.4,Nublado
2025-04-15 22:28:00,9.25,10.1,11.36,89.8,100.0,0.0,Desconocido,2807.0,0.0,0.0,0.0,0.0,2.4,Nublado
2025-04-15 22:33:00,9.25,10.0,11.28,89.8,100.0,0.0,Desconocido,2711.0,0.0,0.0,0.0,0.0,2.4,Nublado
2025-04-15 22:38:00,9.0,9.8,11.13,89.7,100.0,0.0,SE,2942.0,0.0,0.0,0.0,0.0,2.4,Nublado
2025-04-15 22:43:00,9.0,9.6,10.98,90.1,100.0,0.0,Desconocido,2784.0,0.0,0.0,0.0,0.0,2.4,Nublado
2025-04-15 22:48:00,9.0,9.6,10.98,90.5,100.0,0.0,Desconocido,2809.0,0.0,0.0,0.0,0.0,2.4,Nublado
2025-04-15 22:53:00,8.75,10.1,11.36,91.8,100.0,0.0,Desconocido,2800.0,0.0,0.0,0.0,0.0,2.4,Nublado
2025-04-15 22:58:00,8.75,10.1,11.36,90.9,100.0,0.0,Desconocido,2766.0,0.0,0.0,0.0,0.0,2.4,Nublado
2025-04-15 23:03:00,9.0,9.9,11.2,90.6,100.0,0.0,Desconocido,2828.0,0.0,0.0,0.0,0.0,2.4,Nublado
2025-04-15 23:08:00,9.0,9.8,11.13,90.0,100.0,0.0,Desconocido,2806.0,0.0,0.0,0.0,0.0,2.4,Nublado
2025-04-15 23:13:00,9.0,10.1,11.36,91.1,100.0,0.0,Desconocido,2841.0,0.0,0.0,0.0,0.0,2.4,Nublado
2025-04-15 23:18:00,9.0,10.5,11.66,90.9,100.0,0.0,Desconocido,2870.0,0.0,0.0,0.0,0.0,2.4,Nublado
2025-04-15 23:23:00,9.5,11.3,12.27,87.0,100.0,0.0,Desconocido,2768.0,0.0,0.0,0.0,0.0,2.4,Nublado
2025-04-15 23:28:00,9.5,11.2,12.19,86.2,100.0,0.0,Desconocido,2826.0,0.0,0.0,0.0,0.0,2.4,Nublado
2025-04-15 23:33:00,9.75,11.5,12.42,86.1,100.0,0.0,Desconocido,2816.0,0.0,0.0,0.0,0.0,2.4,Nublado
2025-04-15 23:38:00,10.0,11.6,12.5,84.7,100.0,0.0,Desconocido,2810.0,0.0,0.0,0.0,0.0,2.4,Nublado
2025-04-15 23:43:00,10.25,11.2,12.19,83.7,100.0,0.0,Desconocido,2811.0,0.0,0.0,0.0,0.0,2.4,Nublado
2025-04-15 23:48:00,10.0,10.7,11.81,84.2,100.0,0.0,Desconocido,2803.0,0.0,0.0,0.0,0.0,2.4,Nublado
2025-04-15 23:53:00,9.75,10.6,11.74,86.2,100.0,0.0,Desconocido,2749.0,0.0,0.0,0.0,0.0,2.4,Nublado
2025-04-15 23:58:00,9.5,10.0,11.28,86.5,100.0,0.0,SE,2921.0,0.0,0.0,0.0,0.0,2.4,Nublado
